---,RowElements
1,"((RowData=(1)),(RowData=(1)),(RowData=(1)),(RowData=(1)),(RowData=(3)),(RowData=(3)),(RowData=(3)),(RowData=(1)),(RowData=(1)),(RowData=(1)),(RowData=(1)),(RowData=(1)),(RowData=(1)),(RowData=(1)),(RowData=(1)),(RowData=(1)),(RowData=(1)),(RowData=(1)),(RowData=(1)),(RowData=(1)),(RowData=(1)),(RowData=(1)),(RowData=(1)),(RowData=(1)),(RowData=(3)),(RowData=(3)),(RowData=(3)),(RowData=(1)),(RowData=(1)),(RowData=(1)),(RowData=(1)),(RowData=(1)),(RowData=(1)),(RowData=(1)),(RowData=(1)),(RowData=(1)),(RowData=(1)),(RowData=(1)),(RowData=(1)),(RowData=(1)),(RowData=(1)),(RowData=(1)),(RowData=(1)),(RowData=(1)),(RowData=(3)),(RowData=(3)),(RowData=(3)),(RowData=(1)),(RowData=(1)),(RowData=(1)),(RowData=(1)),(RowData=(1)),(RowData=(1)),(RowData=(1)),(RowData=(1)),(RowData=(1)),(RowData=(1)),(RowData=(1)),(RowData=(1)),(RowData=(1)),(RowData=(1)),(RowData=(1)),(RowData=(1)),(RowData=(1)),(RowData=(3)),(RowData=(3)),(RowData=(3)),(RowData=(1)),(RowData=(1)),(RowData=(1)),(RowData=(1)),(RowData=(1)),(RowData=(1)),(RowData=(1)),(RowData=(1)),(RowData=(1)),(RowData=(1)),(RowData=(1)),(RowData=(1)),(RowData=(1)))"
2,"((RowData=(1)),(RowData=(1)),(RowData=(1)),(RowData=(1)),(RowData=(3)),(RowData=(3)),(RowData=(3)),(RowData=(1)),(RowData=(1)),(RowData=(1)),(RowData=(1)),(RowData=(1)),(RowData=(1)),(RowData=(1)),(RowData=(1)),(RowData=(1)),(RowData=(1)),(RowData=(1)),(RowData=(1)),(RowData=(1)),(RowData=(1)),(RowData=(1)),(RowData=(1)),(RowData=(1)),(RowData=(3)),(RowData=(3)),(RowData=(3)),(RowData=(1)),(RowData=(1)),(RowData=(1)),(RowData=(1)),(RowData=(1)),(RowData=(1)),(RowData=(1)),(RowData=(1)),(RowData=(1)),(RowData=(1)),(RowData=(1)),(RowData=(1)),(RowData=(1)),(RowData=(1)),(RowData=(1)),(RowData=(1)),(RowData=(1)),(RowData=(3)),(RowData=(3)),(RowData=(3)),(RowData=(1)),(RowData=(1)),(RowData=(1)),(RowData=(1)),(RowData=(1)),(RowData=(1)),(RowData=(1)),(RowData=(1)),(RowData=(1)),(RowData=(1)),(RowData=(1)),(RowData=(1)),(RowData=(1)),(RowData=(1)),(RowData=(1)),(RowData=(1)),(RowData=(1)),(RowData=(3)),(RowData=(3)),(RowData=(3)),(RowData=(1)),(RowData=(1)),(RowData=(1)),(RowData=(1)),(RowData=(1)),(RowData=(1)),(RowData=(1)),(RowData=(1)),(RowData=(1)),(RowData=(1)),(RowData=(1)),(RowData=(1)),(RowData=(1)))"
3,"((RowData=(1)),(RowData=(1)),(RowData=(1)),(RowData=(1)),(RowData=(3)),(RowData=(3)),(RowData=(3)),(RowData=(1)),(RowData=(1)),(RowData=(1)),(RowData=(1)),(RowData=(1)),(RowData=(1)),(RowData=(1)),(RowData=(1)),(RowData=(1)),(RowData=(1)),(RowData=(1)),(RowData=(1)),(RowData=(1)),(RowData=(1)),(RowData=(1)),(RowData=(1)),(RowData=(1)),(RowData=(3)),(RowData=(3)),(RowData=(3)),(RowData=(1)),(RowData=(1)),(RowData=(1)),(RowData=(1)),(RowData=(1)),(RowData=(1)),(RowData=(1)),(RowData=(1)),(RowData=(1)),(RowData=(1)),(RowData=(1)),(RowData=(1)),(RowData=(1)),(RowData=(1)),(RowData=(1)),(RowData=(1)),(RowData=(1)),(RowData=(3)),(RowData=(3)),(RowData=(3)),(RowData=(1)),(RowData=(1)),(RowData=(1)),(RowData=(1)),(RowData=(1)),(RowData=(1)),(RowData=(1)),(RowData=(1)),(RowData=(1)),(RowData=(1)),(RowData=(1)),(RowData=(1)),(RowData=(1)),(RowData=(1)),(RowData=(1)),(RowData=(1)),(RowData=(1)),(RowData=(3)),(RowData=(3)),(RowData=(3)),(RowData=(1)),(RowData=(1)),(RowData=(1)),(RowData=(1)),(RowData=(1)),(RowData=(1)),(RowData=(1)),(RowData=(1)),(RowData=(1)),(RowData=(1)),(RowData=(1)),(RowData=(1)),(RowData=(1)))"
4,"((RowData=(1)),(RowData=(1)),(RowData=(1)),(RowData=(1)),(RowData=(3)),(RowData=(3)),(RowData=(3)),(RowData=(1)),(RowData=(1)),(RowData=(1)),(RowData=(1)),(RowData=(1)),(RowData=(1)),(RowData=(1)),(RowData=(1)),(RowData=(1)),(RowData=(1)),(RowData=(1)),(RowData=(1)),(RowData=(1)),(RowData=(1)),(RowData=(1)),(RowData=(1)),(RowData=(1)),(RowData=(3)),(RowData=(3)),(RowData=(3)),(RowData=(1)),(RowData=(1)),(RowData=(1)),(RowData=(1)),(RowData=(1)),(RowData=(1)),(RowData=(1)),(RowData=(1)),(RowData=(1)),(RowData=(1)),(RowData=(1)),(RowData=(1)),(RowData=(1)),(RowData=(1)),(RowData=(1)),(RowData=(1)),(RowData=(1)),(RowData=(3)),(RowData=(3)),(RowData=(3)),(RowData=(1)),(RowData=(1)),(RowData=(1)),(RowData=(1)),(RowData=(1)),(RowData=(1)),(RowData=(1)),(RowData=(1)),(RowData=(1)),(RowData=(1)),(RowData=(1)),(RowData=(1)),(RowData=(1)),(RowData=(1)),(RowData=(1)),(RowData=(1)),(RowData=(1)),(RowData=(3)),(RowData=(3)),(RowData=(3)),(RowData=(1)),(RowData=(1)),(RowData=(1)),(RowData=(1)),(RowData=(1)),(RowData=(1)),(RowData=(1)),(RowData=(1)),(RowData=(1)),(RowData=(1)),(RowData=(1)),(RowData=(1)),(RowData=(1)))"
5,"((RowData=(1)),(RowData=(1)),(RowData=(1)),(RowData=(1)),(RowData=(3)),(RowData=(3)),(RowData=(3)),(RowData=(1)),(RowData=(1)),(RowData=(1)),(RowData=(1)),(RowData=(1)),(RowData=(1)),(RowData=(1)),(RowData=(1)),(RowData=(1)),(RowData=(1)),(RowData=(1)),(RowData=(1)),(RowData=(1)),(RowData=(1)),(RowData=(1)),(RowData=(1)),(RowData=(1)),(RowData=(3)),(RowData=(3)),(RowData=(3)),(RowData=(1)),(RowData=(1)),(RowData=(1)),(RowData=(1)),(RowData=(1)),(RowData=(1)),(RowData=(1)),(RowData=(1)),(RowData=(1)),(RowData=(1)),(RowData=(1)),(RowData=(1)),(RowData=(1)),(RowData=(1)),(RowData=(1)),(RowData=(1)),(RowData=(1)),(RowData=(3)),(RowData=(3)),(RowData=(3)),(RowData=(1)),(RowData=(1)),(RowData=(1)),(RowData=(1)),(RowData=(1)),(RowData=(1)),(RowData=(1)),(RowData=(1)),(RowData=(1)),(RowData=(1)),(RowData=(1)),(RowData=(1)),(RowData=(1)),(RowData=(1)),(RowData=(1)),(RowData=(1)),(RowData=(1)),(RowData=(3)),(RowData=(3)),(RowData=(3)),(RowData=(1)),(RowData=(1)),(RowData=(1)),(RowData=(1)),(RowData=(1)),(RowData=(1)),(RowData=(1)),(RowData=(1)),(RowData=(1)),(RowData=(1)),(RowData=(1)),(RowData=(1)),(RowData=(1)))"
6,"((RowData=(1)),(RowData=(1)),(RowData=(1)),(RowData=(1)),(RowData=(3)),(RowData=(3)),(RowData=(3)),(RowData=(1)),(RowData=(1)),(RowData=(1)),(RowData=(1)),(RowData=(1)),(RowData=(1)),(RowData=(1)),(RowData=(1)),(RowData=(1)),(RowData=(1)),(RowData=(1)),(RowData=(1)),(RowData=(1)),(RowData=(1)),(RowData=(1)),(RowData=(1)),(RowData=(1)),(RowData=(3)),(RowData=(3)),(RowData=(3)),(RowData=(1)),(RowData=(1)),(RowData=(1)),(RowData=(1)),(RowData=(1)),(RowData=(1)),(RowData=(1)),(RowData=(1)),(RowData=(1)),(RowData=(1)),(RowData=(1)),(RowData=(1)),(RowData=(1)),(RowData=(1)),(RowData=(1)),(RowData=(1)),(RowData=(1)),(RowData=(3)),(RowData=(3)),(RowData=(3)),(RowData=(1)),(RowData=(1)),(RowData=(1)),(RowData=(1)),(RowData=(1)),(RowData=(1)),(RowData=(1)),(RowData=(1)),(RowData=(1)),(RowData=(1)),(RowData=(1)),(RowData=(1)),(RowData=(1)),(RowData=(1)),(RowData=(1)),(RowData=(1)),(RowData=(1)),(RowData=(3)),(RowData=(3)),(RowData=(3)),(RowData=(1)),(RowData=(1)),(RowData=(1)),(RowData=(1)),(RowData=(1)),(RowData=(1)),(RowData=(1)),(RowData=(1)),(RowData=(1)),(RowData=(1)),(RowData=(1)),(RowData=(1)),(RowData=(1)))"
7,"((RowData=(1)),(RowData=(1)),(RowData=(1)),(RowData=(1)),(RowData=(3)),(RowData=(3)),(RowData=(3)),(RowData=(1)),(RowData=(1)),(RowData=(1)),(RowData=(1)),(RowData=(1)),(RowData=(1)),(RowData=(1)),(RowData=(1)),(RowData=(1)),(RowData=(1)),(RowData=(1)),(RowData=(1)),(RowData=(1)),(RowData=(1)),(RowData=(1)),(RowData=(1)),(RowData=(1)),(RowData=(3)),(RowData=(3)),(RowData=(3)),(RowData=(1)),(RowData=(1)),(RowData=(1)),(RowData=(1)),(RowData=(1)),(RowData=(1)),(RowData=(1)),(RowData=(1)),(RowData=(1)),(RowData=(1)),(RowData=(1)),(RowData=(1)),(RowData=(1)),(RowData=(1)),(RowData=(1)),(RowData=(1)),(RowData=(1)),(RowData=(3)),(RowData=(3)),(RowData=(3)),(RowData=(1)),(RowData=(1)),(RowData=(1)),(RowData=(1)),(RowData=(1)),(RowData=(1)),(RowData=(1)),(RowData=(1)),(RowData=(1)),(RowData=(1)),(RowData=(1)),(RowData=(1)),(RowData=(1)),(RowData=(1)),(RowData=(1)),(RowData=(1)),(RowData=(1)),(RowData=(3)),(RowData=(3)),(RowData=(3)),(RowData=(1)),(RowData=(1)),(RowData=(1)),(RowData=(1)),(RowData=(1)),(RowData=(1)),(RowData=(1)),(RowData=(1)),(RowData=(1)),(RowData=(1)),(RowData=(1)),(RowData=(1)),(RowData=(1)))"
8,"((RowData=(1)),(RowData=(1)),(RowData=(1)),(RowData=(1)),(RowData=(3)),(RowData=(3)),(RowData=(3)),(RowData=(1)),(RowData=(1)),(RowData=(1)),(RowData=(1)),(RowData=(1)),(RowData=(1)),(RowData=(1)),(RowData=(1)),(RowData=(1)),(RowData=(1)),(RowData=(1)),(RowData=(1)),(RowData=(1)),(RowData=(1)),(RowData=(1)),(RowData=(1)),(RowData=(1)),(RowData=(3)),(RowData=(3)),(RowData=(3)),(RowData=(1)),(RowData=(1)),(RowData=(1)),(RowData=(1)),(RowData=(1)),(RowData=(1)),(RowData=(1)),(RowData=(1)),(RowData=(1)),(RowData=(1)),(RowData=(1)),(RowData=(1)),(RowData=(1)),(RowData=(1)),(RowData=(1)),(RowData=(1)),(RowData=(1)),(RowData=(3)),(RowData=(3)),(RowData=(3)),(RowData=(1)),(RowData=(1)),(RowData=(1)),(RowData=(1)),(RowData=(1)),(RowData=(1)),(RowData=(1)),(RowData=(1)),(RowData=(1)),(RowData=(1)),(RowData=(1)),(RowData=(1)),(RowData=(1)),(RowData=(1)),(RowData=(1)),(RowData=(1)),(RowData=(1)),(RowData=(3)),(RowData=(3)),(RowData=(3)),(RowData=(1)),(RowData=(1)),(RowData=(1)),(RowData=(1)),(RowData=(1)),(RowData=(1)),(RowData=(1)),(RowData=(1)),(RowData=(1)),(RowData=(1)),(RowData=(1)),(RowData=(1)),(RowData=(1)))"
9,"((RowData=(1)),(RowData=(1)),(RowData=(1)),(RowData=(1)),(RowData=(3)),(RowData=(3)),(RowData=(3)),(RowData=(1)),(RowData=(1)),(RowData=(1)),(RowData=(1)),(RowData=(1)),(RowData=(1)),(RowData=(1)),(RowData=(1)),(RowData=(1)),(RowData=(1)),(RowData=(1)),(RowData=(1)),(RowData=(1)),(RowData=(1)),(RowData=(1)),(RowData=(1)),(RowData=(1)),(RowData=(3)),(RowData=(3)),(RowData=(3)),(RowData=(1)),(RowData=(1)),(RowData=(1)),(RowData=(1)),(RowData=(1)),(RowData=(1)),(RowData=(1)),(RowData=(1)),(RowData=(1)),(RowData=(1)),(RowData=(1)),(RowData=(1)),(RowData=(1)),(RowData=(1)),(RowData=(1)),(RowData=(1)),(RowData=(1)),(RowData=(3)),(RowData=(3)),(RowData=(3)),(RowData=(1)),(RowData=(1)),(RowData=(1)),(RowData=(1)),(RowData=(1)),(RowData=(1)),(RowData=(1)),(RowData=(1)),(RowData=(1)),(RowData=(1)),(RowData=(1)),(RowData=(1)),(RowData=(1)),(RowData=(1)),(RowData=(1)),(RowData=(1)),(RowData=(1)),(RowData=(3)),(RowData=(3)),(RowData=(3)),(RowData=(1)),(RowData=(1)),(RowData=(1)),(RowData=(1)),(RowData=(1)),(RowData=(1)),(RowData=(1)),(RowData=(1)),(RowData=(1)),(RowData=(1)),(RowData=(1)),(RowData=(1)),(RowData=(1)))"
10,"((RowData=(1)),(RowData=(1)),(RowData=(1)),(RowData=(1)),(RowData=(3)),(RowData=(3)),(RowData=(3)),(RowData=(1)),(RowData=(1)),(RowData=(1)),(RowData=(1)),(RowData=(1)),(RowData=(1)),(RowData=(1)),(RowData=(1)),(RowData=(1)),(RowData=(1)),(RowData=(1)),(RowData=(1)),(RowData=(1)),(RowData=(1)),(RowData=(1)),(RowData=(1)),(RowData=(1)),(RowData=(3)),(RowData=(3)),(RowData=(3)),(RowData=(1)),(RowData=(1)),(RowData=(1)),(RowData=(1)),(RowData=(1)),(RowData=(1)),(RowData=(1)),(RowData=(1)),(RowData=(1)),(RowData=(1)),(RowData=(1)),(RowData=(1)),(RowData=(1)),(RowData=(1)),(RowData=(1)),(RowData=(1)),(RowData=(1)),(RowData=(3)),(RowData=(3)),(RowData=(3)),(RowData=(1)),(RowData=(1)),(RowData=(1)),(RowData=(1)),(RowData=(1)),(RowData=(1)),(RowData=(1)),(RowData=(1)),(RowData=(1)),(RowData=(1)),(RowData=(1)),(RowData=(1)),(RowData=(1)),(RowData=(1)),(RowData=(1)),(RowData=(1)),(RowData=(1)),(RowData=(3)),(RowData=(3)),(RowData=(3)),(RowData=(1)),(RowData=(1)),(RowData=(1)),(RowData=(1)),(RowData=(1)),(RowData=(1)),(RowData=(1)),(RowData=(1)),(RowData=(1)),(RowData=(1)),(RowData=(1)),(RowData=(1)),(RowData=(1)))"
11,"((RowData=(1)),(RowData=(1)),(RowData=(1)),(RowData=(1)),(RowData=(3)),(RowData=(3)),(RowData=(3)),(RowData=(1)),(RowData=(1)),(RowData=(1)),(RowData=(1)),(RowData=(1)),(RowData=(1)),(RowData=(1)),(RowData=(1)),(RowData=(1)),(RowData=(1)),(RowData=(1)),(RowData=(1)),(RowData=(1)),(RowData=(1)),(RowData=(1)),(RowData=(1)),(RowData=(1)),(RowData=(3)),(RowData=(3)),(RowData=(3)),(RowData=(1)),(RowData=(1)),(RowData=(1)),(RowData=(1)),(RowData=(1)),(RowData=(1)),(RowData=(1)),(RowData=(1)),(RowData=(1)),(RowData=(1)),(RowData=(1)),(RowData=(1)),(RowData=(1)),(RowData=(1)),(RowData=(1)),(RowData=(1)),(RowData=(1)),(RowData=(3)),(RowData=(3)),(RowData=(3)),(RowData=(1)),(RowData=(1)),(RowData=(1)),(RowData=(1)),(RowData=(1)),(RowData=(1)),(RowData=(1)),(RowData=(1)),(RowData=(1)),(RowData=(1)),(RowData=(1)),(RowData=(1)),(RowData=(1)),(RowData=(1)),(RowData=(1)),(RowData=(1)),(RowData=(1)),(RowData=(3)),(RowData=(3)),(RowData=(3)),(RowData=(1)),(RowData=(1)),(RowData=(1)),(RowData=(1)),(RowData=(1)),(RowData=(1)),(RowData=(1)),(RowData=(1)),(RowData=(1)),(RowData=(1)),(RowData=(1)),(RowData=(1)),(RowData=(1)))"
12,"((RowData=(1)),(RowData=(1)),(RowData=(1)),(RowData=(1)),(RowData=(3)),(RowData=(3)),(RowData=(3)),(RowData=(1)),(RowData=(1)),(RowData=(1)),(RowData=(1)),(RowData=(1)),(RowData=(1)),(RowData=(1)),(RowData=(1)),(RowData=(1)),(RowData=(1)),(RowData=(1)),(RowData=(1)),(RowData=(1)),(RowData=(1)),(RowData=(1)),(RowData=(1)),(RowData=(1)),(RowData=(3)),(RowData=(3)),(RowData=(3)),(RowData=(1)),(RowData=(1)),(RowData=(1)),(RowData=(1)),(RowData=(1)),(RowData=(1)),(RowData=(1)),(RowData=(1)),(RowData=(1)),(RowData=(1)),(RowData=(1)),(RowData=(1)),(RowData=(1)),(RowData=(1)),(RowData=(1)),(RowData=(1)),(RowData=(1)),(RowData=(3)),(RowData=(3)),(RowData=(3)),(RowData=(1)),(RowData=(1)),(RowData=(1)),(RowData=(1)),(RowData=(1)),(RowData=(1)),(RowData=(1)),(RowData=(1)),(RowData=(1)),(RowData=(1)),(RowData=(1)),(RowData=(1)),(RowData=(1)),(RowData=(1)),(RowData=(1)),(RowData=(1)),(RowData=(1)),(RowData=(3)),(RowData=(3)),(RowData=(3)),(RowData=(1)),(RowData=(1)),(RowData=(1)),(RowData=(1)),(RowData=(1)),(RowData=(1)),(RowData=(1)),(RowData=(1)),(RowData=(1)),(RowData=(1)),(RowData=(1)),(RowData=(1)),(RowData=(1)))"
13,"((RowData=(1)),(RowData=(1)),(RowData=(1)),(RowData=(1)),(RowData=(3)),(RowData=(3)),(RowData=(3)),(RowData=(1)),(RowData=(1)),(RowData=(1)),(RowData=(1)),(RowData=(1)),(RowData=(1)),(RowData=(1)),(RowData=(1)),(RowData=(1)),(RowData=(1)),(RowData=(1)),(RowData=(1)),(RowData=(1)),(RowData=(1)),(RowData=(1)),(RowData=(1)),(RowData=(1)),(RowData=(3)),(RowData=(3)),(RowData=(3)),(RowData=(1)),(RowData=(1)),(RowData=(1)),(RowData=(1)),(RowData=(1)),(RowData=(1)),(RowData=(1)),(RowData=(1)),(RowData=(1)),(RowData=(1)),(RowData=(1)),(RowData=(1)),(RowData=(1)),(RowData=(1)),(RowData=(1)),(RowData=(1)),(RowData=(1)),(RowData=(3)),(RowData=(3)),(RowData=(3)),(RowData=(1)),(RowData=(1)),(RowData=(1)),(RowData=(1)),(RowData=(1)),(RowData=(1)),(RowData=(1)),(RowData=(1)),(RowData=(1)),(RowData=(1)),(RowData=(1)),(RowData=(1)),(RowData=(1)),(RowData=(1)),(RowData=(1)),(RowData=(1)),(RowData=(1)),(RowData=(3)),(RowData=(3)),(RowData=(3)),(RowData=(1)),(RowData=(1)),(RowData=(1)),(RowData=(1)),(RowData=(1)),(RowData=(1)),(RowData=(1)),(RowData=(1)),(RowData=(1)),(RowData=(1)),(RowData=(1)),(RowData=(1)),(RowData=(1)))"
14,"((RowData=(1)),(RowData=(1)),(RowData=(1)),(RowData=(1)),(RowData=(3)),(RowData=(3)),(RowData=(3)),(RowData=(1)),(RowData=(1)),(RowData=(1)),(RowData=(1)),(RowData=(1)),(RowData=(1)),(RowData=(1)),(RowData=(1)),(RowData=(1)),(RowData=(1)),(RowData=(1)),(RowData=(1)),(RowData=(1)),(RowData=(1)),(RowData=(1)),(RowData=(1)),(RowData=(1)),(RowData=(3)),(RowData=(3)),(RowData=(3)),(RowData=(1)),(RowData=(1)),(RowData=(1)),(RowData=(1)),(RowData=(1)),(RowData=(1)),(RowData=(1)),(RowData=(1)),(RowData=(1)),(RowData=(1)),(RowData=(1)),(RowData=(1)),(RowData=(1)),(RowData=(1)),(RowData=(1)),(RowData=(1)),(RowData=(1)),(RowData=(3)),(RowData=(3)),(RowData=(3)),(RowData=(1)),(RowData=(1)),(RowData=(1)),(RowData=(1)),(RowData=(1)),(RowData=(1)),(RowData=(1)),(RowData=(1)),(RowData=(1)),(RowData=(1)),(RowData=(1)),(RowData=(1)),(RowData=(1)),(RowData=(1)),(RowData=(1)),(RowData=(1)),(RowData=(1)),(RowData=(3)),(RowData=(3)),(RowData=(3)),(RowData=(1)),(RowData=(1)),(RowData=(1)),(RowData=(1)),(RowData=(1)),(RowData=(1)),(RowData=(1)),(RowData=(1)),(RowData=(1)),(RowData=(1)),(RowData=(1)),(RowData=(1)),(RowData=(1)))"
15,"((RowData=(1)),(RowData=(1)),(RowData=(1)),(RowData=(1)),(RowData=(3)),(RowData=(3)),(RowData=(3)),(RowData=(1)),(RowData=(1)),(RowData=(1)),(RowData=(1)),(RowData=(1)),(RowData=(1)),(RowData=(1)),(RowData=(1)),(RowData=(1)),(RowData=(1)),(RowData=(1)),(RowData=(1)),(RowData=(1)),(RowData=(1)),(RowData=(1)),(RowData=(1)),(RowData=(1)),(RowData=(3)),(RowData=(3)),(RowData=(3)),(RowData=(1)),(RowData=(1)),(RowData=(1)),(RowData=(1)),(RowData=(1)),(RowData=(1)),(RowData=(1)),(RowData=(1)),(RowData=(1)),(RowData=(1)),(RowData=(1)),(RowData=(1)),(RowData=(1)),(RowData=(1)),(RowData=(1)),(RowData=(1)),(RowData=(1)),(RowData=(3)),(RowData=(3)),(RowData=(3)),(RowData=(1)),(RowData=(1)),(RowData=(1)),(RowData=(1)),(RowData=(1)),(RowData=(1)),(RowData=(1)),(RowData=(1)),(RowData=(1)),(RowData=(1)),(RowData=(1)),(RowData=(1)),(RowData=(1)),(RowData=(1)),(RowData=(1)),(RowData=(1)),(RowData=(1)),(RowData=(3)),(RowData=(3)),(RowData=(3)),(RowData=(1)),(RowData=(1)),(RowData=(1)),(RowData=(1)),(RowData=(1)),(RowData=(1)),(RowData=(1)),(RowData=(1)),(RowData=(1)),(RowData=(1)),(RowData=(1)),(RowData=(1)),(RowData=(1)))"
16,"((RowData=(1)),(RowData=(1)),(RowData=(1)),(RowData=(1)),(RowData=(3)),(RowData=(3)),(RowData=(3)),(RowData=(1)),(RowData=(1)),(RowData=(1)),(RowData=(1)),(RowData=(1)),(RowData=(1)),(RowData=(1)),(RowData=(1)),(RowData=(1)),(RowData=(1)),(RowData=(1)),(RowData=(1)),(RowData=(1)),(RowData=(1)),(RowData=(1)),(RowData=(1)),(RowData=(1)),(RowData=(3)),(RowData=(3)),(RowData=(3)),(RowData=(1)),(RowData=(1)),(RowData=(1)),(RowData=(1)),(RowData=(1)),(RowData=(1)),(RowData=(1)),(RowData=(1)),(RowData=(1)),(RowData=(1)),(RowData=(1)),(RowData=(1)),(RowData=(1)),(RowData=(1)),(RowData=(1)),(RowData=(1)),(RowData=(1)),(RowData=(3)),(RowData=(3)),(RowData=(3)),(RowData=(1)),(RowData=(1)),(RowData=(1)),(RowData=(1)),(RowData=(1)),(RowData=(1)),(RowData=(1)),(RowData=(1)),(RowData=(1)),(RowData=(1)),(RowData=(1)),(RowData=(1)),(RowData=(1)),(RowData=(1)),(RowData=(1)),(RowData=(1)),(RowData=(1)),(RowData=(3)),(RowData=(3)),(RowData=(3)),(RowData=(1)),(RowData=(1)),(RowData=(1)),(RowData=(1)),(RowData=(1)),(RowData=(1)),(RowData=(1)),(RowData=(1)),(RowData=(1)),(RowData=(1)),(RowData=(1)),(RowData=(1)),(RowData=(1)))"
17,"((RowData=(1)),(RowData=(1)),(RowData=(1)),(RowData=(1)),(RowData=(3)),(RowData=(3)),(RowData=(3)),(RowData=(1)),(RowData=(1)),(RowData=(1)),(RowData=(1)),(RowData=(1)),(RowData=(1)),(RowData=(1)),(RowData=(1)),(RowData=(1)),(RowData=(1)),(RowData=(1)),(RowData=(1)),(RowData=(1)),(RowData=(1)),(RowData=(1)),(RowData=(1)),(RowData=(1)),(RowData=(3)),(RowData=(3)),(RowData=(3)),(RowData=(1)),(RowData=(1)),(RowData=(1)),(RowData=(1)),(RowData=(1)),(RowData=(1)),(RowData=(1)),(RowData=(1)),(RowData=(1)),(RowData=(1)),(RowData=(1)),(RowData=(1)),(RowData=(1)),(RowData=(1)),(RowData=(1)),(RowData=(1)),(RowData=(1)),(RowData=(3)),(RowData=(3)),(RowData=(3)),(RowData=(1)),(RowData=(1)),(RowData=(1)),(RowData=(1)),(RowData=(1)),(RowData=(1)),(RowData=(1)),(RowData=(1)),(RowData=(1)),(RowData=(1)),(RowData=(1)),(RowData=(1)),(RowData=(1)),(RowData=(1)),(RowData=(1)),(RowData=(1)),(RowData=(1)),(RowData=(3)),(RowData=(3)),(RowData=(3)),(RowData=(1)),(RowData=(1)),(RowData=(1)),(RowData=(1)),(RowData=(1)),(RowData=(1)),(RowData=(1)),(RowData=(1)),(RowData=(1)),(RowData=(1)),(RowData=(1)),(RowData=(1)),(RowData=(1)))"
18,"((RowData=(1)),(RowData=(1)),(RowData=(1)),(RowData=(1)),(RowData=(3)),(RowData=(3)),(RowData=(3)),(RowData=(1)),(RowData=(1)),(RowData=(1)),(RowData=(1)),(RowData=(1)),(RowData=(1)),(RowData=(1)),(RowData=(1)),(RowData=(1)),(RowData=(1)),(RowData=(1)),(RowData=(1)),(RowData=(1)),(RowData=(1)),(RowData=(1)),(RowData=(1)),(RowData=(1)),(RowData=(3)),(RowData=(3)),(RowData=(3)),(RowData=(1)),(RowData=(1)),(RowData=(1)),(RowData=(1)),(RowData=(1)),(RowData=(1)),(RowData=(1)),(RowData=(1)),(RowData=(1)),(RowData=(1)),(RowData=(1)),(RowData=(1)),(RowData=(1)),(RowData=(1)),(RowData=(1)),(RowData=(1)),(RowData=(1)),(RowData=(3)),(RowData=(3)),(RowData=(3)),(RowData=(1)),(RowData=(1)),(RowData=(1)),(RowData=(1)),(RowData=(1)),(RowData=(1)),(RowData=(1)),(RowData=(1)),(RowData=(1)),(RowData=(1)),(RowData=(1)),(RowData=(1)),(RowData=(1)),(RowData=(1)),(RowData=(1)),(RowData=(1)),(RowData=(1)),(RowData=(3)),(RowData=(3)),(RowData=(3)),(RowData=(1)),(RowData=(1)),(RowData=(1)),(RowData=(1)),(RowData=(1)),(RowData=(1)),(RowData=(1)),(RowData=(1)),(RowData=(1)),(RowData=(1)),(RowData=(1)),(RowData=(1)),(RowData=(1)))"
19,"((RowData=(1)),(RowData=(1)),(RowData=(1)),(RowData=(1)),(RowData=(3)),(RowData=(3)),(RowData=(3)),(RowData=(1)),(RowData=(1)),(RowData=(1)),(RowData=(1)),(RowData=(1)),(RowData=(1)),(RowData=(1)),(RowData=(1)),(RowData=(1)),(RowData=(1)),(RowData=(1)),(RowData=(1)),(RowData=(1)),(RowData=(1)),(RowData=(1)),(RowData=(1)),(RowData=(1)),(RowData=(3)),(RowData=(3)),(RowData=(3)),(RowData=(1)),(RowData=(1)),(RowData=(1)),(RowData=(1)),(RowData=(1)),(RowData=(1)),(RowData=(1)),(RowData=(1)),(RowData=(1)),(RowData=(1)),(RowData=(1)),(RowData=(1)),(RowData=(1)),(RowData=(1)),(RowData=(1)),(RowData=(1)),(RowData=(1)),(RowData=(3)),(RowData=(3)),(RowData=(3)),(RowData=(1)),(RowData=(1)),(RowData=(1)),(RowData=(1)),(RowData=(1)),(RowData=(1)),(RowData=(1)),(RowData=(1)),(RowData=(1)),(RowData=(1)),(RowData=(1)),(RowData=(1)),(RowData=(1)),(RowData=(1)),(RowData=(1)),(RowData=(1)),(RowData=(1)),(RowData=(3)),(RowData=(3)),(RowData=(3)),(RowData=(1)),(RowData=(1)),(RowData=(1)),(RowData=(1)),(RowData=(1)),(RowData=(1)),(RowData=(1)),(RowData=(1)),(RowData=(1)),(RowData=(1)),(RowData=(1)),(RowData=(1)),(RowData=(1)))"
20,"((RowData=(1)),(RowData=(1)),(RowData=(1)),(RowData=(1)),(RowData=(3)),(RowData=(3)),(RowData=(3)),(RowData=(1)),(RowData=(1)),(RowData=(1)),(RowData=(1)),(RowData=(1)),(RowData=(1)),(RowData=(1)),(RowData=(1)),(RowData=(1)),(RowData=(1)),(RowData=(1)),(RowData=(1)),(RowData=(1)),(RowData=(1)),(RowData=(1)),(RowData=(1)),(RowData=(1)),(RowData=(3)),(RowData=(3)),(RowData=(3)),(RowData=(1)),(RowData=(1)),(RowData=(1)),(RowData=(1)),(RowData=(1)),(RowData=(1)),(RowData=(1)),(RowData=(1)),(RowData=(1)),(RowData=(1)),(RowData=(1)),(RowData=(1)),(RowData=(1)),(RowData=(1)),(RowData=(1)),(RowData=(1)),(RowData=(1)),(RowData=(3)),(RowData=(3)),(RowData=(3)),(RowData=(1)),(RowData=(1)),(RowData=(1)),(RowData=(1)),(RowData=(1)),(RowData=(1)),(RowData=(1)),(RowData=(1)),(RowData=(1)),(RowData=(1)),(RowData=(1)),(RowData=(1)),(RowData=(1)),(RowData=(1)),(RowData=(1)),(RowData=(1)),(RowData=(1)),(RowData=(3)),(RowData=(3)),(RowData=(3)),(RowData=(1)),(RowData=(1)),(RowData=(1)),(RowData=(1)),(RowData=(1)),(RowData=(1)),(RowData=(1)),(RowData=(1)),(RowData=(1)),(RowData=(1)),(RowData=(1)),(RowData=(1)),(RowData=(1)))"
21,"((RowData=(1)),(RowData=(1)),(RowData=(1)),(RowData=(1)),(RowData=(3)),(RowData=(3)),(RowData=(3)),(RowData=(1)),(RowData=(1)),(RowData=(1)),(RowData=(1)),(RowData=(1)),(RowData=(1)),(RowData=(1)),(RowData=(1)),(RowData=(1)),(RowData=(1)),(RowData=(1)),(RowData=(1)),(RowData=(1)),(RowData=(1)),(RowData=(1)),(RowData=(1)),(RowData=(1)),(RowData=(3)),(RowData=(3)),(RowData=(3)),(RowData=(1)),(RowData=(1)),(RowData=(1)),(RowData=(1)),(RowData=(1)),(RowData=(1)),(RowData=(1)),(RowData=(1)),(RowData=(1)),(RowData=(1)),(RowData=(1)),(RowData=(1)),(RowData=(1)),(RowData=(1)),(RowData=(1)),(RowData=(1)),(RowData=(1)),(RowData=(3)),(RowData=(3)),(RowData=(3)),(RowData=(1)),(RowData=(1)),(RowData=(1)),(RowData=(1)),(RowData=(1)),(RowData=(1)),(RowData=(1)),(RowData=(1)),(RowData=(1)),(RowData=(1)),(RowData=(1)),(RowData=(1)),(RowData=(1)),(RowData=(1)),(RowData=(1)),(RowData=(1)),(RowData=(1)),(RowData=(3)),(RowData=(3)),(RowData=(3)),(RowData=(1)),(RowData=(1)),(RowData=(1)),(RowData=(1)),(RowData=(1)),(RowData=(1)),(RowData=(1)),(RowData=(1)),(RowData=(1)),(RowData=(1)),(RowData=(1)),(RowData=(1)),(RowData=(1)))"
22,"((RowData=(1)),(RowData=(1)),(RowData=(1)),(RowData=(1)),(RowData=(3)),(RowData=(3)),(RowData=(3)),(RowData=(1)),(RowData=(1)),(RowData=(1)),(RowData=(1)),(RowData=(1)),(RowData=(1)),(RowData=(1)),(RowData=(1)),(RowData=(1)),(RowData=(1)),(RowData=(1)),(RowData=(1)),(RowData=(1)),(RowData=(1)),(RowData=(1)),(RowData=(1)),(RowData=(1)),(RowData=(3)),(RowData=(3)),(RowData=(3)),(RowData=(1)),(RowData=(1)),(RowData=(1)),(RowData=(1)),(RowData=(1)),(RowData=(1)),(RowData=(1)),(RowData=(1)),(RowData=(1)),(RowData=(1)),(RowData=(1)),(RowData=(1)),(RowData=(1)),(RowData=(1)),(RowData=(1)),(RowData=(1)),(RowData=(1)),(RowData=(3)),(RowData=(3)),(RowData=(3)),(RowData=(1)),(RowData=(1)),(RowData=(1)),(RowData=(1)),(RowData=(1)),(RowData=(1)),(RowData=(1)),(RowData=(1)),(RowData=(1)),(RowData=(1)),(RowData=(1)),(RowData=(1)),(RowData=(1)),(RowData=(1)),(RowData=(1)),(RowData=(1)),(RowData=(1)),(RowData=(3)),(RowData=(3)),(RowData=(3)),(RowData=(1)),(RowData=(1)),(RowData=(1)),(RowData=(1)),(RowData=(1)),(RowData=(1)),(RowData=(1)),(RowData=(1)),(RowData=(1)),(RowData=(1)),(RowData=(1)),(RowData=(1)),(RowData=(1)))"
23,"((RowData=(1)),(RowData=(1)),(RowData=(1)),(RowData=(1)),(RowData=(3)),(RowData=(3)),(RowData=(3)),(RowData=(1)),(RowData=(1)),(RowData=(1)),(RowData=(1)),(RowData=(1)),(RowData=(1)),(RowData=(1)),(RowData=(1)),(RowData=(1)),(RowData=(1)),(RowData=(1)),(RowData=(1)),(RowData=(1)),(RowData=(1)),(RowData=(1)),(RowData=(1)),(RowData=(1)),(RowData=(3)),(RowData=(3)),(RowData=(3)),(RowData=(1)),(RowData=(1)),(RowData=(1)),(RowData=(1)),(RowData=(1)),(RowData=(1)),(RowData=(1)),(RowData=(1)),(RowData=(1)),(RowData=(1)),(RowData=(1)),(RowData=(1)),(RowData=(1)),(RowData=(1)),(RowData=(1)),(RowData=(1)),(RowData=(1)),(RowData=(3)),(RowData=(3)),(RowData=(3)),(RowData=(1)),(RowData=(1)),(RowData=(1)),(RowData=(1)),(RowData=(1)),(RowData=(1)),(RowData=(1)),(RowData=(1)),(RowData=(1)),(RowData=(1)),(RowData=(1)),(RowData=(1)),(RowData=(1)),(RowData=(1)),(RowData=(1)),(RowData=(1)),(RowData=(1)),(RowData=(3)),(RowData=(3)),(RowData=(3)),(RowData=(1)),(RowData=(1)),(RowData=(1)),(RowData=(1)),(RowData=(1)),(RowData=(1)),(RowData=(1)),(RowData=(1)),(RowData=(1)),(RowData=(1)),(RowData=(1)),(RowData=(1)),(RowData=(1)))"
24,"((RowData=(1)),(RowData=(1)),(RowData=(1)),(RowData=(1)),(RowData=(3)),(RowData=(3)),(RowData=(3)),(RowData=(1)),(RowData=(1)),(RowData=(1)),(RowData=(1)),(RowData=(1)),(RowData=(1)),(RowData=(1)),(RowData=(1)),(RowData=(1)),(RowData=(1)),(RowData=(1)),(RowData=(1)),(RowData=(1)),(RowData=(1)),(RowData=(1)),(RowData=(1)),(RowData=(1)),(RowData=(3)),(RowData=(3)),(RowData=(3)),(RowData=(1)),(RowData=(1)),(RowData=(1)),(RowData=(1)),(RowData=(1)),(RowData=(1)),(RowData=(1)),(RowData=(1)),(RowData=(1)),(RowData=(1)),(RowData=(1)),(RowData=(1)),(RowData=(1)),(RowData=(1)),(RowData=(1)),(RowData=(1)),(RowData=(1)),(RowData=(3)),(RowData=(3)),(RowData=(3)),(RowData=(1)),(RowData=(1)),(RowData=(1)),(RowData=(1)),(RowData=(1)),(RowData=(1)),(RowData=(1)),(RowData=(1)),(RowData=(1)),(RowData=(1)),(RowData=(1)),(RowData=(1)),(RowData=(1)),(RowData=(1)),(RowData=(1)),(RowData=(1)),(RowData=(1)),(RowData=(3)),(RowData=(3)),(RowData=(3)),(RowData=(1)),(RowData=(1)),(RowData=(1)),(RowData=(1)),(RowData=(1)),(RowData=(1)),(RowData=(1)),(RowData=(1)),(RowData=(1)),(RowData=(1)),(RowData=(1)),(RowData=(1)),(RowData=(1)))"
25,"((RowData=(1)),(RowData=(1)),(RowData=(1)),(RowData=(1)),(RowData=(3)),(RowData=(3)),(RowData=(3)),(RowData=(1)),(RowData=(1)),(RowData=(1)),(RowData=(1)),(RowData=(1)),(RowData=(1)),(RowData=(1)),(RowData=(1)),(RowData=(1)),(RowData=(1)),(RowData=(1)),(RowData=(1)),(RowData=(1)),(RowData=(1)),(RowData=(1)),(RowData=(1)),(RowData=(1)),(RowData=(3)),(RowData=(3)),(RowData=(3)),(RowData=(1)),(RowData=(1)),(RowData=(1)),(RowData=(1)),(RowData=(1)),(RowData=(1)),(RowData=(1)),(RowData=(1)),(RowData=(1)),(RowData=(1)),(RowData=(1)),(RowData=(1)),(RowData=(1)),(RowData=(1)),(RowData=(1)),(RowData=(1)),(RowData=(1)),(RowData=(3)),(RowData=(3)),(RowData=(3)),(RowData=(1)),(RowData=(1)),(RowData=(1)),(RowData=(1)),(RowData=(1)),(RowData=(1)),(RowData=(1)),(RowData=(1)),(RowData=(1)),(RowData=(1)),(RowData=(1)),(RowData=(1)),(RowData=(1)),(RowData=(1)),(RowData=(1)),(RowData=(1)),(RowData=(1)),(RowData=(3)),(RowData=(3)),(RowData=(3)),(RowData=(1)),(RowData=(1)),(RowData=(1)),(RowData=(1)),(RowData=(1)),(RowData=(1)),(RowData=(1)),(RowData=(1)),(RowData=(1)),(RowData=(1)),(RowData=(1)),(RowData=(1)),(RowData=(1)))"
26,"((RowData=(1)),(RowData=(1)),(RowData=(1)),(RowData=(1)),(RowData=(3)),(RowData=(3)),(RowData=(3)),(RowData=(1)),(RowData=(1)),(RowData=(1)),(RowData=(1)),(RowData=(1)),(RowData=(1)),(RowData=(1)),(RowData=(1)),(RowData=(1)),(RowData=(1)),(RowData=(1)),(RowData=(1)),(RowData=(1)),(RowData=(1)),(RowData=(1)),(RowData=(1)),(RowData=(1)),(RowData=(3)),(RowData=(3)),(RowData=(3)),(RowData=(1)),(RowData=(1)),(RowData=(1)),(RowData=(1)),(RowData=(1)),(RowData=(1)),(RowData=(1)),(RowData=(1)),(RowData=(1)),(RowData=(1)),(RowData=(1)),(RowData=(1)),(RowData=(1)),(RowData=(1)),(RowData=(1)),(RowData=(1)),(RowData=(1)),(RowData=(3)),(RowData=(3)),(RowData=(3)),(RowData=(1)),(RowData=(1)),(RowData=(1)),(RowData=(1)),(RowData=(1)),(RowData=(1)),(RowData=(1)),(RowData=(1)),(RowData=(1)),(RowData=(1)),(RowData=(1)),(RowData=(1)),(RowData=(1)),(RowData=(1)),(RowData=(1)),(RowData=(1)),(RowData=(1)),(RowData=(3)),(RowData=(3)),(RowData=(3)),(RowData=(1)),(RowData=(1)),(RowData=(1)),(RowData=(1)),(RowData=(1)),(RowData=(1)),(RowData=(1)),(RowData=(1)),(RowData=(1)),(RowData=(1)),(RowData=(1)),(RowData=(1)),(RowData=(1)))"
27,"((RowData=(1)),(RowData=(1)),(RowData=(1)),(RowData=(1)),(RowData=(3)),(RowData=(3)),(RowData=(3)),(RowData=(1)),(RowData=(1)),(RowData=(1)),(RowData=(1)),(RowData=(1)),(RowData=(1)),(RowData=(1)),(RowData=(1)),(RowData=(1)),(RowData=(1)),(RowData=(1)),(RowData=(1)),(RowData=(1)),(RowData=(1)),(RowData=(1)),(RowData=(1)),(RowData=(1)),(RowData=(3)),(RowData=(3)),(RowData=(3)),(RowData=(1)),(RowData=(1)),(RowData=(1)),(RowData=(1)),(RowData=(1)),(RowData=(1)),(RowData=(1)),(RowData=(1)),(RowData=(1)),(RowData=(1)),(RowData=(1)),(RowData=(1)),(RowData=(1)),(RowData=(1)),(RowData=(1)),(RowData=(1)),(RowData=(1)),(RowData=(3)),(RowData=(3)),(RowData=(3)),(RowData=(1)),(RowData=(1)),(RowData=(1)),(RowData=(1)),(RowData=(1)),(RowData=(1)),(RowData=(1)),(RowData=(1)),(RowData=(1)),(RowData=(1)),(RowData=(1)),(RowData=(1)),(RowData=(1)),(RowData=(1)),(RowData=(1)),(RowData=(1)),(RowData=(1)),(RowData=(3)),(RowData=(3)),(RowData=(3)),(RowData=(1)),(RowData=(1)),(RowData=(1)),(RowData=(1)),(RowData=(1)),(RowData=(1)),(RowData=(1)),(RowData=(1)),(RowData=(1)),(RowData=(1)),(RowData=(1)),(RowData=(1)),(RowData=(1)))"
28,"((RowData=(1)),(RowData=(1)),(RowData=(1)),(RowData=(1)),(RowData=(3)),(RowData=(3)),(RowData=(3)),(RowData=(1)),(RowData=(1)),(RowData=(1)),(RowData=(1)),(RowData=(1)),(RowData=(1)),(RowData=(1)),(RowData=(1)),(RowData=(1)),(RowData=(1)),(RowData=(1)),(RowData=(1)),(RowData=(1)),(RowData=(1)),(RowData=(1)),(RowData=(1)),(RowData=(1)),(RowData=(3)),(RowData=(3)),(RowData=(3)),(RowData=(1)),(RowData=(1)),(RowData=(1)),(RowData=(1)),(RowData=(1)),(RowData=(1)),(RowData=(1)),(RowData=(1)),(RowData=(1)),(RowData=(1)),(RowData=(1)),(RowData=(1)),(RowData=(1)),(RowData=(1)),(RowData=(1)),(RowData=(1)),(RowData=(1)),(RowData=(3)),(RowData=(3)),(RowData=(3)),(RowData=(1)),(RowData=(1)),(RowData=(1)),(RowData=(1)),(RowData=(1)),(RowData=(1)),(RowData=(1)),(RowData=(1)),(RowData=(1)),(RowData=(1)),(RowData=(1)),(RowData=(1)),(RowData=(1)),(RowData=(1)),(RowData=(1)),(RowData=(1)),(RowData=(1)),(RowData=(3)),(RowData=(3)),(RowData=(3)),(RowData=(1)),(RowData=(1)),(RowData=(1)),(RowData=(1)),(RowData=(1)),(RowData=(1)),(RowData=(1)),(RowData=(1)),(RowData=(1)),(RowData=(1)),(RowData=(1)),(RowData=(1)),(RowData=(1)))"
29,"((RowData=(1)),(RowData=(1)),(RowData=(1)),(RowData=(1)),(RowData=(3)),(RowData=(3)),(RowData=(3)),(RowData=(1)),(RowData=(1)),(RowData=(1)),(RowData=(1)),(RowData=(1)),(RowData=(1)),(RowData=(1)),(RowData=(1)),(RowData=(1)),(RowData=(1)),(RowData=(1)),(RowData=(1)),(RowData=(1)),(RowData=(1)),(RowData=(1)),(RowData=(1)),(RowData=(1)),(RowData=(3)),(RowData=(3)),(RowData=(3)),(RowData=(1)),(RowData=(1)),(RowData=(1)),(RowData=(1)),(RowData=(1)),(RowData=(1)),(RowData=(1)),(RowData=(1)),(RowData=(1)),(RowData=(1)),(RowData=(1)),(RowData=(1)),(RowData=(1)),(RowData=(1)),(RowData=(1)),(RowData=(1)),(RowData=(1)),(RowData=(3)),(RowData=(3)),(RowData=(3)),(RowData=(1)),(RowData=(1)),(RowData=(1)),(RowData=(1)),(RowData=(1)),(RowData=(1)),(RowData=(1)),(RowData=(1)),(RowData=(1)),(RowData=(1)),(RowData=(1)),(RowData=(1)),(RowData=(1)),(RowData=(1)),(RowData=(1)),(RowData=(1)),(RowData=(1)),(RowData=(3)),(RowData=(3)),(RowData=(3)),(RowData=(1)),(RowData=(1)),(RowData=(1)),(RowData=(1)),(RowData=(1)),(RowData=(1)),(RowData=(1)),(RowData=(1)),(RowData=(1)),(RowData=(1)),(RowData=(1)),(RowData=(1)),(RowData=(1)))"
30,"((RowData=(1)),(RowData=(1)),(RowData=(1)),(RowData=(1)),(RowData=(3)),(RowData=(3)),(RowData=(3)),(RowData=(1)),(RowData=(1)),(RowData=(1)),(RowData=(1)),(RowData=(1)),(RowData=(1)),(RowData=(1)),(RowData=(1)),(RowData=(1)),(RowData=(1)),(RowData=(1)),(RowData=(1)),(RowData=(1)),(RowData=(1)),(RowData=(1)),(RowData=(1)),(RowData=(1)),(RowData=(3)),(RowData=(3)),(RowData=(3)),(RowData=(1)),(RowData=(1)),(RowData=(1)),(RowData=(1)),(RowData=(1)),(RowData=(1)),(RowData=(1)),(RowData=(1)),(RowData=(1)),(RowData=(1)),(RowData=(1)),(RowData=(1)),(RowData=(1)),(RowData=(1)),(RowData=(1)),(RowData=(1)),(RowData=(1)),(RowData=(3)),(RowData=(3)),(RowData=(3)),(RowData=(1)),(RowData=(1)),(RowData=(1)),(RowData=(1)),(RowData=(1)),(RowData=(1)),(RowData=(1)),(RowData=(1)),(RowData=(1)),(RowData=(1)),(RowData=(1)),(RowData=(1)),(RowData=(1)),(RowData=(1)),(RowData=(1)),(RowData=(1)),(RowData=(1)),(RowData=(3)),(RowData=(3)),(RowData=(3)),(RowData=(1)),(RowData=(1)),(RowData=(1)),(RowData=(1)),(RowData=(1)),(RowData=(1)),(RowData=(1)),(RowData=(1)),(RowData=(1)),(RowData=(1)),(RowData=(1)),(RowData=(1)),(RowData=(1)))"
31,"((RowData=(1)),(RowData=(1)),(RowData=(1)),(RowData=(1)),(RowData=(3)),(RowData=(3)),(RowData=(3)),(RowData=(1)),(RowData=(1)),(RowData=(1)),(RowData=(1)),(RowData=(1)),(RowData=(1)),(RowData=(1)),(RowData=(1)),(RowData=(1)),(RowData=(1)),(RowData=(1)),(RowData=(1)),(RowData=(1)),(RowData=(1)),(RowData=(1)),(RowData=(1)),(RowData=(1)),(RowData=(3)),(RowData=(3)),(RowData=(3)),(RowData=(1)),(RowData=(1)),(RowData=(1)),(RowData=(1)),(RowData=(1)),(RowData=(1)),(RowData=(1)),(RowData=(1)),(RowData=(1)),(RowData=(1)),(RowData=(1)),(RowData=(1)),(RowData=(1)),(RowData=(1)),(RowData=(1)),(RowData=(1)),(RowData=(1)),(RowData=(3)),(RowData=(3)),(RowData=(3)),(RowData=(1)),(RowData=(1)),(RowData=(1)),(RowData=(1)),(RowData=(1)),(RowData=(1)),(RowData=(1)),(RowData=(1)),(RowData=(1)),(RowData=(1)),(RowData=(1)),(RowData=(1)),(RowData=(1)),(RowData=(1)),(RowData=(1)),(RowData=(1)),(RowData=(1)),(RowData=(3)),(RowData=(3)),(RowData=(3)),(RowData=(1)),(RowData=(1)),(RowData=(1)),(RowData=(1)),(RowData=(1)),(RowData=(1)),(RowData=(1)),(RowData=(1)),(RowData=(1)),(RowData=(1)),(RowData=(1)),(RowData=(1)),(RowData=(1)))"
32,"((RowData=(1)),(RowData=(1)),(RowData=(1)),(RowData=(1)),(RowData=(3)),(RowData=(3)),(RowData=(3)),(RowData=(1)),(RowData=(1)),(RowData=(1)),(RowData=(1)),(RowData=(1)),(RowData=(1)),(RowData=(1)),(RowData=(1)),(RowData=(1)),(RowData=(1)),(RowData=(1)),(RowData=(1)),(RowData=(1)),(RowData=(1)),(RowData=(1)),(RowData=(1)),(RowData=(1)),(RowData=(3)),(RowData=(3)),(RowData=(3)),(RowData=(1)),(RowData=(1)),(RowData=(1)),(RowData=(1)),(RowData=(1)),(RowData=(1)),(RowData=(1)),(RowData=(1)),(RowData=(1)),(RowData=(1)),(RowData=(1)),(RowData=(1)),(RowData=(1)),(RowData=(1)),(RowData=(1)),(RowData=(1)),(RowData=(1)),(RowData=(3)),(RowData=(3)),(RowData=(3)),(RowData=(1)),(RowData=(1)),(RowData=(1)),(RowData=(1)),(RowData=(1)),(RowData=(1)),(RowData=(1)),(RowData=(1)),(RowData=(1)),(RowData=(1)),(RowData=(1)),(RowData=(1)),(RowData=(1)),(RowData=(1)),(RowData=(1)),(RowData=(1)),(RowData=(1)),(RowData=(3)),(RowData=(3)),(RowData=(3)),(RowData=(1)),(RowData=(1)),(RowData=(1)),(RowData=(1)),(RowData=(1)),(RowData=(1)),(RowData=(1)),(RowData=(1)),(RowData=(1)),(RowData=(1)),(RowData=(1)),(RowData=(1)),(RowData=(1)))"
33,"((RowData=(1)),(RowData=(1)),(RowData=(1)),(RowData=(1)),(RowData=(3)),(RowData=(3)),(RowData=(3)),(RowData=(1)),(RowData=(1)),(RowData=(1)),(RowData=(1)),(RowData=(1)),(RowData=(1)),(RowData=(1)),(RowData=(1)),(RowData=(1)),(RowData=(1)),(RowData=(1)),(RowData=(1)),(RowData=(1)),(RowData=(1)),(RowData=(1)),(RowData=(1)),(RowData=(1)),(RowData=(3)),(RowData=(3)),(RowData=(3)),(RowData=(1)),(RowData=(1)),(RowData=(1)),(RowData=(1)),(RowData=(1)),(RowData=(1)),(RowData=(1)),(RowData=(1)),(RowData=(1)),(RowData=(1)),(RowData=(1)),(RowData=(1)),(RowData=(1)),(RowData=(1)),(RowData=(1)),(RowData=(1)),(RowData=(1)),(RowData=(3)),(RowData=(3)),(RowData=(3)),(RowData=(1)),(RowData=(1)),(RowData=(1)),(RowData=(1)),(RowData=(1)),(RowData=(1)),(RowData=(1)),(RowData=(1)),(RowData=(1)),(RowData=(1)),(RowData=(1)),(RowData=(1)),(RowData=(1)),(RowData=(1)),(RowData=(1)),(RowData=(1)),(RowData=(1)),(RowData=(3)),(RowData=(3)),(RowData=(3)),(RowData=(1)),(RowData=(1)),(RowData=(1)),(RowData=(1)),(RowData=(1)),(RowData=(1)),(RowData=(1)),(RowData=(1)),(RowData=(1)),(RowData=(1)),(RowData=(1)),(RowData=(1)),(RowData=(1)))"
34,"((RowData=(1)),(RowData=(1)),(RowData=(1)),(RowData=(1)),(RowData=(3)),(RowData=(3)),(RowData=(3)),(RowData=(1)),(RowData=(1)),(RowData=(1)),(RowData=(1)),(RowData=(1)),(RowData=(1)),(RowData=(1)),(RowData=(1)),(RowData=(1)),(RowData=(1)),(RowData=(1)),(RowData=(1)),(RowData=(1)),(RowData=(1)),(RowData=(1)),(RowData=(1)),(RowData=(1)),(RowData=(3)),(RowData=(3)),(RowData=(3)),(RowData=(1)),(RowData=(1)),(RowData=(1)),(RowData=(1)),(RowData=(1)),(RowData=(1)),(RowData=(1)),(RowData=(1)),(RowData=(1)),(RowData=(1)),(RowData=(1)),(RowData=(1)),(RowData=(1)),(RowData=(1)),(RowData=(1)),(RowData=(1)),(RowData=(1)),(RowData=(3)),(RowData=(3)),(RowData=(3)),(RowData=(1)),(RowData=(1)),(RowData=(1)),(RowData=(1)),(RowData=(1)),(RowData=(1)),(RowData=(1)),(RowData=(1)),(RowData=(1)),(RowData=(1)),(RowData=(1)),(RowData=(1)),(RowData=(1)),(RowData=(1)),(RowData=(1)),(RowData=(1)),(RowData=(1)),(RowData=(3)),(RowData=(3)),(RowData=(3)),(RowData=(1)),(RowData=(1)),(RowData=(1)),(RowData=(1)),(RowData=(1)),(RowData=(1)),(RowData=(1)),(RowData=(1)),(RowData=(1)),(RowData=(1)),(RowData=(1)),(RowData=(1)),(RowData=(1)))"
35,"((RowData=(1)),(RowData=(1)),(RowData=(1)),(RowData=(1)),(RowData=(3)),(RowData=(3)),(RowData=(3)),(RowData=(1)),(RowData=(1)),(RowData=(1)),(RowData=(1)),(RowData=(1)),(RowData=(1)),(RowData=(1)),(RowData=(1)),(RowData=(1)),(RowData=(1)),(RowData=(1)),(RowData=(1)),(RowData=(1)),(RowData=(1)),(RowData=(1)),(RowData=(1)),(RowData=(1)),(RowData=(3)),(RowData=(3)),(RowData=(3)),(RowData=(1)),(RowData=(1)),(RowData=(1)),(RowData=(1)),(RowData=(1)),(RowData=(1)),(RowData=(1)),(RowData=(1)),(RowData=(1)),(RowData=(1)),(RowData=(1)),(RowData=(1)),(RowData=(1)),(RowData=(1)),(RowData=(1)),(RowData=(1)),(RowData=(1)),(RowData=(3)),(RowData=(3)),(RowData=(3)),(RowData=(1)),(RowData=(1)),(RowData=(1)),(RowData=(1)),(RowData=(1)),(RowData=(1)),(RowData=(1)),(RowData=(1)),(RowData=(1)),(RowData=(1)),(RowData=(1)),(RowData=(1)),(RowData=(1)),(RowData=(1)),(RowData=(1)),(RowData=(1)),(RowData=(1)),(RowData=(3)),(RowData=(3)),(RowData=(3)),(RowData=(1)),(RowData=(1)),(RowData=(1)),(RowData=(1)),(RowData=(1)),(RowData=(1)),(RowData=(1)),(RowData=(1)),(RowData=(1)),(RowData=(1)),(RowData=(1)),(RowData=(1)),(RowData=(1)))"
36,"((RowData=(1)),(RowData=(1)),(RowData=(1)),(RowData=(1)),(RowData=(3)),(RowData=(3)),(RowData=(3)),(RowData=(1)),(RowData=(1)),(RowData=(1)),(RowData=(1)),(RowData=(1)),(RowData=(1)),(RowData=(1)),(RowData=(1)),(RowData=(1)),(RowData=(1)),(RowData=(1)),(RowData=(1)),(RowData=(1)),(RowData=(1)),(RowData=(1)),(RowData=(1)),(RowData=(1)),(RowData=(3)),(RowData=(3)),(RowData=(3)),(RowData=(1)),(RowData=(1)),(RowData=(1)),(RowData=(1)),(RowData=(1)),(RowData=(1)),(RowData=(1)),(RowData=(1)),(RowData=(1)),(RowData=(1)),(RowData=(1)),(RowData=(1)),(RowData=(1)),(RowData=(1)),(RowData=(1)),(RowData=(1)),(RowData=(1)),(RowData=(3)),(RowData=(3)),(RowData=(3)),(RowData=(1)),(RowData=(1)),(RowData=(1)),(RowData=(1)),(RowData=(1)),(RowData=(1)),(RowData=(1)),(RowData=(1)),(RowData=(1)),(RowData=(1)),(RowData=(1)),(RowData=(1)),(RowData=(1)),(RowData=(1)),(RowData=(1)),(RowData=(1)),(RowData=(1)),(RowData=(3)),(RowData=(3)),(RowData=(3)),(RowData=(1)),(RowData=(1)),(RowData=(1)),(RowData=(1)),(RowData=(1)),(RowData=(1)),(RowData=(1)),(RowData=(1)),(RowData=(1)),(RowData=(1)),(RowData=(1)),(RowData=(1)),(RowData=(1)))"
37,"((RowData=(1)),(RowData=(1)),(RowData=(1)),(RowData=(1)),(RowData=(3)),(RowData=(3)),(RowData=(3)),(RowData=(1)),(RowData=(1)),(RowData=(1)),(RowData=(1)),(RowData=(1)),(RowData=(1)),(RowData=(1)),(RowData=(1)),(RowData=(1)),(RowData=(1)),(RowData=(1)),(RowData=(1)),(RowData=(1)),(RowData=(1)),(RowData=(1)),(RowData=(1)),(RowData=(1)),(RowData=(3)),(RowData=(3)),(RowData=(3)),(RowData=(1)),(RowData=(1)),(RowData=(1)),(RowData=(1)),(RowData=(1)),(RowData=(1)),(RowData=(1)),(RowData=(1)),(RowData=(1)),(RowData=(1)),(RowData=(1)),(RowData=(1)),(RowData=(1)),(RowData=(1)),(RowData=(1)),(RowData=(1)),(RowData=(1)),(RowData=(3)),(RowData=(3)),(RowData=(3)),(RowData=(1)),(RowData=(1)),(RowData=(1)),(RowData=(1)),(RowData=(1)),(RowData=(1)),(RowData=(1)),(RowData=(1)),(RowData=(1)),(RowData=(1)),(RowData=(1)),(RowData=(1)),(RowData=(1)),(RowData=(1)),(RowData=(1)),(RowData=(1)),(RowData=(1)),(RowData=(3)),(RowData=(3)),(RowData=(3)),(RowData=(1)),(RowData=(1)),(RowData=(1)),(RowData=(1)),(RowData=(1)),(RowData=(1)),(RowData=(1)),(RowData=(1)),(RowData=(1)),(RowData=(1)),(RowData=(1)),(RowData=(1)),(RowData=(1)))"
38,"((RowData=(1)),(RowData=(1)),(RowData=(1)),(RowData=(1)),(RowData=(3)),(RowData=(3)),(RowData=(3)),(RowData=(1)),(RowData=(1)),(RowData=(1)),(RowData=(1)),(RowData=(1)),(RowData=(1)),(RowData=(1)),(RowData=(1)),(RowData=(1)),(RowData=(1)),(RowData=(1)),(RowData=(1)),(RowData=(1)),(RowData=(1)),(RowData=(1)),(RowData=(1)),(RowData=(1)),(RowData=(3)),(RowData=(3)),(RowData=(3)),(RowData=(1)),(RowData=(1)),(RowData=(1)),(RowData=(1)),(RowData=(1)),(RowData=(1)),(RowData=(1)),(RowData=(1)),(RowData=(1)),(RowData=(1)),(RowData=(1)),(RowData=(1)),(RowData=(1)),(RowData=(1)),(RowData=(1)),(RowData=(1)),(RowData=(1)),(RowData=(3)),(RowData=(3)),(RowData=(3)),(RowData=(1)),(RowData=(1)),(RowData=(1)),(RowData=(1)),(RowData=(1)),(RowData=(1)),(RowData=(1)),(RowData=(1)),(RowData=(1)),(RowData=(1)),(RowData=(1)),(RowData=(1)),(RowData=(1)),(RowData=(1)),(RowData=(1)),(RowData=(1)),(RowData=(1)),(RowData=(3)),(RowData=(3)),(RowData=(3)),(RowData=(1)),(RowData=(1)),(RowData=(1)),(RowData=(1)),(RowData=(1)),(RowData=(1)),(RowData=(1)),(RowData=(1)),(RowData=(1)),(RowData=(1)),(RowData=(1)),(RowData=(1)),(RowData=(1)))"
39,"((RowData=(1)),(RowData=(1)),(RowData=(1)),(RowData=(1)),(RowData=(3)),(RowData=(3)),(RowData=(3)),(RowData=(1)),(RowData=(1)),(RowData=(1)),(RowData=(1)),(RowData=(1)),(RowData=(1)),(RowData=(1)),(RowData=(1)),(RowData=(1)),(RowData=(1)),(RowData=(1)),(RowData=(1)),(RowData=(1)),(RowData=(1)),(RowData=(1)),(RowData=(1)),(RowData=(1)),(RowData=(3)),(RowData=(3)),(RowData=(3)),(RowData=(1)),(RowData=(1)),(RowData=(1)),(RowData=(1)),(RowData=(1)),(RowData=(1)),(RowData=(1)),(RowData=(1)),(RowData=(1)),(RowData=(1)),(RowData=(1)),(RowData=(1)),(RowData=(1)),(RowData=(1)),(RowData=(1)),(RowData=(1)),(RowData=(1)),(RowData=(3)),(RowData=(3)),(RowData=(3)),(RowData=(1)),(RowData=(1)),(RowData=(1)),(RowData=(1)),(RowData=(1)),(RowData=(1)),(RowData=(1)),(RowData=(1)),(RowData=(1)),(RowData=(1)),(RowData=(1)),(RowData=(1)),(RowData=(1)),(RowData=(1)),(RowData=(1)),(RowData=(1)),(RowData=(1)),(RowData=(3)),(RowData=(3)),(RowData=(3)),(RowData=(1)),(RowData=(1)),(RowData=(1)),(RowData=(1)),(RowData=(1)),(RowData=(1)),(RowData=(1)),(RowData=(1)),(RowData=(1)),(RowData=(1)),(RowData=(1)),(RowData=(1)),(RowData=(1)))"
40,"((RowData=(1)),(RowData=(1)),(RowData=(1)),(RowData=(1)),(RowData=(3)),(RowData=(3)),(RowData=(3)),(RowData=(1)),(RowData=(1)),(RowData=(1)),(RowData=(1)),(RowData=(1)),(RowData=(1)),(RowData=(1)),(RowData=(1)),(RowData=(1)),(RowData=(1)),(RowData=(1)),(RowData=(1)),(RowData=(1)),(RowData=(1)),(RowData=(1)),(RowData=(1)),(RowData=(1)),(RowData=(3)),(RowData=(3)),(RowData=(3)),(RowData=(1)),(RowData=(1)),(RowData=(1)),(RowData=(1)),(RowData=(1)),(RowData=(1)),(RowData=(1)),(RowData=(1)),(RowData=(1)),(RowData=(1)),(RowData=(1)),(RowData=(1)),(RowData=(1)),(RowData=(1)),(RowData=(1)),(RowData=(1)),(RowData=(1)),(RowData=(3)),(RowData=(3)),(RowData=(3)),(RowData=(1)),(RowData=(1)),(RowData=(1)),(RowData=(1)),(RowData=(1)),(RowData=(1)),(RowData=(1)),(RowData=(1)),(RowData=(1)),(RowData=(1)),(RowData=(1)),(RowData=(1)),(RowData=(1)),(RowData=(1)),(RowData=(1)),(RowData=(1)),(RowData=(1)),(RowData=(3)),(RowData=(3)),(RowData=(3)),(RowData=(1)),(RowData=(1)),(RowData=(1)),(RowData=(1)),(RowData=(1)),(RowData=(1)),(RowData=(1)),(RowData=(1)),(RowData=(1)),(RowData=(1)),(RowData=(1)),(RowData=(1)),(RowData=(1)))"
41,"((RowData=(1)),(RowData=(1)),(RowData=(1)),(RowData=(1)),(RowData=(3)),(RowData=(3)),(RowData=(3)),(RowData=(1)),(RowData=(1)),(RowData=(1)),(RowData=(1)),(RowData=(1)),(RowData=(1)),(RowData=(1)),(RowData=(1)),(RowData=(1)),(RowData=(1)),(RowData=(1)),(RowData=(1)),(RowData=(1)),(RowData=(1)),(RowData=(1)),(RowData=(1)),(RowData=(1)),(RowData=(3)),(RowData=(3)),(RowData=(3)),(RowData=(1)),(RowData=(1)),(RowData=(1)),(RowData=(1)),(RowData=(1)),(RowData=(1)),(RowData=(1)),(RowData=(1)),(RowData=(1)),(RowData=(1)),(RowData=(1)),(RowData=(1)),(RowData=(1)),(RowData=(1)),(RowData=(1)),(RowData=(1)),(RowData=(1)),(RowData=(3)),(RowData=(3)),(RowData=(3)),(RowData=(1)),(RowData=(1)),(RowData=(1)),(RowData=(1)),(RowData=(1)),(RowData=(1)),(RowData=(1)),(RowData=(1)),(RowData=(1)),(RowData=(1)),(RowData=(1)),(RowData=(1)),(RowData=(1)),(RowData=(1)),(RowData=(1)),(RowData=(1)),(RowData=(1)),(RowData=(3)),(RowData=(3)),(RowData=(3)),(RowData=(1)),(RowData=(1)),(RowData=(1)),(RowData=(1)),(RowData=(1)),(RowData=(1)),(RowData=(1)),(RowData=(1)),(RowData=(1)),(RowData=(1)),(RowData=(1)),(RowData=(1)),(RowData=(1)))"
42,"((RowData=(1)),(RowData=(1)),(RowData=(1)),(RowData=(1)),(RowData=(3)),(RowData=(3)),(RowData=(3)),(RowData=(1)),(RowData=(1)),(RowData=(1)),(RowData=(1)),(RowData=(1)),(RowData=(1)),(RowData=(1)),(RowData=(1)),(RowData=(1)),(RowData=(1)),(RowData=(1)),(RowData=(1)),(RowData=(1)),(RowData=(1)),(RowData=(1)),(RowData=(1)),(RowData=(1)),(RowData=(3)),(RowData=(3)),(RowData=(3)),(RowData=(1)),(RowData=(1)),(RowData=(1)),(RowData=(1)),(RowData=(1)),(RowData=(1)),(RowData=(1)),(RowData=(1)),(RowData=(1)),(RowData=(1)),(RowData=(1)),(RowData=(1)),(RowData=(1)),(RowData=(1)),(RowData=(1)),(RowData=(1)),(RowData=(1)),(RowData=(3)),(RowData=(3)),(RowData=(3)),(RowData=(1)),(RowData=(1)),(RowData=(1)),(RowData=(1)),(RowData=(1)),(RowData=(1)),(RowData=(1)),(RowData=(1)),(RowData=(1)),(RowData=(1)),(RowData=(1)),(RowData=(1)),(RowData=(1)),(RowData=(1)),(RowData=(1)),(RowData=(1)),(RowData=(1)),(RowData=(3)),(RowData=(3)),(RowData=(3)),(RowData=(1)),(RowData=(1)),(RowData=(1)),(RowData=(1)),(RowData=(1)),(RowData=(1)),(RowData=(1)),(RowData=(1)),(RowData=(1)),(RowData=(1)),(RowData=(1)),(RowData=(1)),(RowData=(1)))"
43,"((RowData=(1)),(RowData=(1)),(RowData=(1)),(RowData=(1)),(RowData=(3)),(RowData=(3)),(RowData=(3)),(RowData=(1)),(RowData=(1)),(RowData=(1)),(RowData=(1)),(RowData=(1)),(RowData=(1)),(RowData=(1)),(RowData=(1)),(RowData=(1)),(RowData=(1)),(RowData=(1)),(RowData=(1)),(RowData=(1)),(RowData=(1)),(RowData=(1)),(RowData=(1)),(RowData=(1)),(RowData=(3)),(RowData=(3)),(RowData=(3)),(RowData=(1)),(RowData=(1)),(RowData=(1)),(RowData=(1)),(RowData=(1)),(RowData=(1)),(RowData=(1)),(RowData=(1)),(RowData=(1)),(RowData=(1)),(RowData=(1)),(RowData=(1)),(RowData=(1)),(RowData=(1)),(RowData=(1)),(RowData=(1)),(RowData=(1)),(RowData=(3)),(RowData=(3)),(RowData=(3)),(RowData=(1)),(RowData=(1)),(RowData=(1)),(RowData=(1)),(RowData=(1)),(RowData=(1)),(RowData=(1)),(RowData=(1)),(RowData=(1)),(RowData=(1)),(RowData=(1)),(RowData=(1)),(RowData=(1)),(RowData=(1)),(RowData=(1)),(RowData=(1)),(RowData=(1)),(RowData=(3)),(RowData=(3)),(RowData=(3)),(RowData=(1)),(RowData=(1)),(RowData=(1)),(RowData=(1)),(RowData=(1)),(RowData=(1)),(RowData=(1)),(RowData=(1)),(RowData=(1)),(RowData=(1)),(RowData=(1)),(RowData=(1)),(RowData=(1)))"
44,"((RowData=(1)),(RowData=(1)),(RowData=(1)),(RowData=(1)),(RowData=(3)),(RowData=(3)),(RowData=(3)),(RowData=(1)),(RowData=(1)),(RowData=(1)),(RowData=(1)),(RowData=(1)),(RowData=(1)),(RowData=(1)),(RowData=(1)),(RowData=(1)),(RowData=(1)),(RowData=(1)),(RowData=(1)),(RowData=(1)),(RowData=(1)),(RowData=(1)),(RowData=(1)),(RowData=(1)),(RowData=(3)),(RowData=(3)),(RowData=(3)),(RowData=(1)),(RowData=(1)),(RowData=(1)),(RowData=(1)),(RowData=(1)),(RowData=(1)),(RowData=(1)),(RowData=(1)),(RowData=(1)),(RowData=(1)),(RowData=(1)),(RowData=(1)),(RowData=(1)),(RowData=(1)),(RowData=(1)),(RowData=(1)),(RowData=(1)),(RowData=(3)),(RowData=(3)),(RowData=(3)),(RowData=(1)),(RowData=(1)),(RowData=(1)),(RowData=(1)),(RowData=(1)),(RowData=(1)),(RowData=(1)),(RowData=(1)),(RowData=(1)),(RowData=(1)),(RowData=(1)),(RowData=(1)),(RowData=(1)),(RowData=(1)),(RowData=(1)),(RowData=(1)),(RowData=(1)),(RowData=(3)),(RowData=(3)),(RowData=(3)),(RowData=(1)),(RowData=(1)),(RowData=(1)),(RowData=(1)),(RowData=(1)),(RowData=(1)),(RowData=(1)),(RowData=(1)),(RowData=(1)),(RowData=(1)),(RowData=(1)),(RowData=(1)),(RowData=(1)))"
45,"((RowData=(1)),(RowData=(1)),(RowData=(1)),(RowData=(1)),(RowData=(3)),(RowData=(3)),(RowData=(3)),(RowData=(1)),(RowData=(1)),(RowData=(1)),(RowData=(1)),(RowData=(1)),(RowData=(1)),(RowData=(1)),(RowData=(1)),(RowData=(1)),(RowData=(1)),(RowData=(1)),(RowData=(1)),(RowData=(1)),(RowData=(1)),(RowData=(1)),(RowData=(1)),(RowData=(1)),(RowData=(3)),(RowData=(3)),(RowData=(3)),(RowData=(1)),(RowData=(1)),(RowData=(1)),(RowData=(1)),(RowData=(1)),(RowData=(1)),(RowData=(1)),(RowData=(1)),(RowData=(1)),(RowData=(1)),(RowData=(1)),(RowData=(1)),(RowData=(1)),(RowData=(1)),(RowData=(1)),(RowData=(1)),(RowData=(1)),(RowData=(3)),(RowData=(3)),(RowData=(3)),(RowData=(1)),(RowData=(1)),(RowData=(1)),(RowData=(1)),(RowData=(1)),(RowData=(1)),(RowData=(1)),(RowData=(1)),(RowData=(1)),(RowData=(1)),(RowData=(1)),(RowData=(1)),(RowData=(1)),(RowData=(1)),(RowData=(1)),(RowData=(1)),(RowData=(1)),(RowData=(3)),(RowData=(3)),(RowData=(3)),(RowData=(1)),(RowData=(1)),(RowData=(1)),(RowData=(1)),(RowData=(1)),(RowData=(1)),(RowData=(1)),(RowData=(1)),(RowData=(1)),(RowData=(1)),(RowData=(1)),(RowData=(1)),(RowData=(1)))"
46,"((RowData=(1)),(RowData=(1)),(RowData=(1)),(RowData=(1)),(RowData=(3)),(RowData=(3)),(RowData=(3)),(RowData=(1)),(RowData=(1)),(RowData=(1)),(RowData=(1)),(RowData=(1)),(RowData=(1)),(RowData=(1)),(RowData=(1)),(RowData=(1)),(RowData=(1)),(RowData=(1)),(RowData=(1)),(RowData=(1)),(RowData=(1)),(RowData=(1)),(RowData=(1)),(RowData=(1)),(RowData=(3)),(RowData=(3)),(RowData=(3)),(RowData=(1)),(RowData=(1)),(RowData=(1)),(RowData=(1)),(RowData=(1)),(RowData=(1)),(RowData=(1)),(RowData=(1)),(RowData=(1)),(RowData=(1)),(RowData=(1)),(RowData=(1)),(RowData=(1)),(RowData=(1)),(RowData=(1)),(RowData=(1)),(RowData=(1)),(RowData=(3)),(RowData=(3)),(RowData=(3)),(RowData=(1)),(RowData=(1)),(RowData=(1)),(RowData=(1)),(RowData=(1)),(RowData=(1)),(RowData=(1)),(RowData=(1)),(RowData=(1)),(RowData=(1)),(RowData=(1)),(RowData=(1)),(RowData=(1)),(RowData=(1)),(RowData=(1)),(RowData=(1)),(RowData=(1)),(RowData=(3)),(RowData=(3)),(RowData=(3)),(RowData=(1)),(RowData=(1)),(RowData=(1)),(RowData=(1)),(RowData=(1)),(RowData=(1)),(RowData=(1)),(RowData=(1)),(RowData=(1)),(RowData=(1)),(RowData=(1)),(RowData=(1)),(RowData=(1)))"
47,"((RowData=(1)),(RowData=(1)),(RowData=(1)),(RowData=(1)),(RowData=(3)),(RowData=(3)),(RowData=(3)),(RowData=(1)),(RowData=(1)),(RowData=(1)),(RowData=(1)),(RowData=(1)),(RowData=(1)),(RowData=(1)),(RowData=(1)),(RowData=(1)),(RowData=(1)),(RowData=(1)),(RowData=(1)),(RowData=(1)),(RowData=(1)),(RowData=(1)),(RowData=(1)),(RowData=(1)),(RowData=(3)),(RowData=(3)),(RowData=(3)),(RowData=(1)),(RowData=(1)),(RowData=(1)),(RowData=(1)),(RowData=(1)),(RowData=(1)),(RowData=(1)),(RowData=(1)),(RowData=(1)),(RowData=(1)),(RowData=(1)),(RowData=(1)),(RowData=(1)),(RowData=(1)),(RowData=(1)),(RowData=(1)),(RowData=(1)),(RowData=(3)),(RowData=(3)),(RowData=(3)),(RowData=(1)),(RowData=(1)),(RowData=(1)),(RowData=(1)),(RowData=(1)),(RowData=(1)),(RowData=(1)),(RowData=(1)),(RowData=(1)),(RowData=(1)),(RowData=(1)),(RowData=(1)),(RowData=(1)),(RowData=(1)),(RowData=(1)),(RowData=(1)),(RowData=(1)),(RowData=(3)),(RowData=(3)),(RowData=(3)),(RowData=(1)),(RowData=(1)),(RowData=(1)),(RowData=(1)),(RowData=(1)),(RowData=(1)),(RowData=(1)),(RowData=(1)),(RowData=(1)),(RowData=(1)),(RowData=(1)),(RowData=(1)),(RowData=(1)))"
48,"((RowData=(1)),(RowData=(1)),(RowData=(1)),(RowData=(1)),(RowData=(3)),(RowData=(3)),(RowData=(3)),(RowData=(1)),(RowData=(1)),(RowData=(1)),(RowData=(1)),(RowData=(1)),(RowData=(1)),(RowData=(1)),(RowData=(1)),(RowData=(1)),(RowData=(1)),(RowData=(1)),(RowData=(1)),(RowData=(1)),(RowData=(1)),(RowData=(1)),(RowData=(1)),(RowData=(1)),(RowData=(3)),(RowData=(3)),(RowData=(3)),(RowData=(1)),(RowData=(1)),(RowData=(1)),(RowData=(1)),(RowData=(1)),(RowData=(1)),(RowData=(1)),(RowData=(1)),(RowData=(1)),(RowData=(1)),(RowData=(1)),(RowData=(1)),(RowData=(1)),(RowData=(1)),(RowData=(1)),(RowData=(1)),(RowData=(1)),(RowData=(3)),(RowData=(3)),(RowData=(3)),(RowData=(1)),(RowData=(1)),(RowData=(1)),(RowData=(1)),(RowData=(1)),(RowData=(1)),(RowData=(1)),(RowData=(1)),(RowData=(1)),(RowData=(1)),(RowData=(1)),(RowData=(1)),(RowData=(1)),(RowData=(1)),(RowData=(1)),(RowData=(1)),(RowData=(1)),(RowData=(3)),(RowData=(3)),(RowData=(3)),(RowData=(1)),(RowData=(1)),(RowData=(1)),(RowData=(1)),(RowData=(1)),(RowData=(1)),(RowData=(1)),(RowData=(1)),(RowData=(1)),(RowData=(1)),(RowData=(1)),(RowData=(1)),(RowData=(1)))"
49,"((RowData=(1)),(RowData=(1)),(RowData=(1)),(RowData=(1)),(RowData=(3)),(RowData=(3)),(RowData=(3)),(RowData=(1)),(RowData=(1)),(RowData=(1)),(RowData=(1)),(RowData=(1)),(RowData=(1)),(RowData=(1)),(RowData=(1)),(RowData=(1)),(RowData=(1)),(RowData=(1)),(RowData=(1)),(RowData=(1)),(RowData=(1)),(RowData=(1)),(RowData=(1)),(RowData=(1)),(RowData=(3)),(RowData=(3)),(RowData=(3)),(RowData=(1)),(RowData=(1)),(RowData=(1)),(RowData=(1)),(RowData=(1)),(RowData=(1)),(RowData=(1)),(RowData=(1)),(RowData=(1)),(RowData=(1)),(RowData=(1)),(RowData=(1)),(RowData=(1)),(RowData=(1)),(RowData=(1)),(RowData=(1)),(RowData=(1)),(RowData=(3)),(RowData=(3)),(RowData=(3)),(RowData=(1)),(RowData=(1)),(RowData=(1)),(RowData=(1)),(RowData=(1)),(RowData=(1)),(RowData=(1)),(RowData=(1)),(RowData=(1)),(RowData=(1)),(RowData=(1)),(RowData=(1)),(RowData=(1)),(RowData=(1)),(RowData=(1)),(RowData=(1)),(RowData=(1)),(RowData=(3)),(RowData=(3)),(RowData=(3)),(RowData=(1)),(RowData=(1)),(RowData=(1)),(RowData=(1)),(RowData=(1)),(RowData=(1)),(RowData=(1)),(RowData=(1)),(RowData=(1)),(RowData=(1)),(RowData=(1)),(RowData=(1)),(RowData=(1)))"
50,"((RowData=(1)),(RowData=(1)),(RowData=(1)),(RowData=(1)),(RowData=(3)),(RowData=(3)),(RowData=(3)),(RowData=(1)),(RowData=(1)),(RowData=(1)),(RowData=(1)),(RowData=(1)),(RowData=(1)),(RowData=(1)),(RowData=(1)),(RowData=(1)),(RowData=(1)),(RowData=(1)),(RowData=(1)),(RowData=(1)),(RowData=(1)),(RowData=(1)),(RowData=(1)),(RowData=(1)),(RowData=(3)),(RowData=(3)),(RowData=(3)),(RowData=(1)),(RowData=(1)),(RowData=(1)),(RowData=(1)),(RowData=(1)),(RowData=(1)),(RowData=(1)),(RowData=(1)),(RowData=(1)),(RowData=(1)),(RowData=(1)),(RowData=(1)),(RowData=(1)),(RowData=(1)),(RowData=(1)),(RowData=(1)),(RowData=(1)),(RowData=(3)),(RowData=(3)),(RowData=(3)),(RowData=(1)),(RowData=(1)),(RowData=(1)),(RowData=(1)),(RowData=(1)),(RowData=(1)),(RowData=(1)),(RowData=(1)),(RowData=(1)),(RowData=(1)),(RowData=(1)),(RowData=(1)),(RowData=(1)),(RowData=(1)),(RowData=(1)),(RowData=(1)),(RowData=(1)),(RowData=(3)),(RowData=(3)),(RowData=(3)),(RowData=(1)),(RowData=(1)),(RowData=(1)),(RowData=(1)),(RowData=(1)),(RowData=(1)),(RowData=(1)),(RowData=(1)),(RowData=(1)),(RowData=(1)),(RowData=(1)),(RowData=(1)),(RowData=(1)))"
51,"((RowData=(1)),(RowData=(1)),(RowData=(1)),(RowData=(1)),(RowData=(3)),(RowData=(3)),(RowData=(3)),(RowData=(1)),(RowData=(1)),(RowData=(1)),(RowData=(1)),(RowData=(1)),(RowData=(1)),(RowData=(1)),(RowData=(1)),(RowData=(1)),(RowData=(1)),(RowData=(1)),(RowData=(1)),(RowData=(1)),(RowData=(1)),(RowData=(1)),(RowData=(1)),(RowData=(1)),(RowData=(3)),(RowData=(3)),(RowData=(3)),(RowData=(1)),(RowData=(1)),(RowData=(1)),(RowData=(1)),(RowData=(1)),(RowData=(1)),(RowData=(1)),(RowData=(1)),(RowData=(1)),(RowData=(1)),(RowData=(1)),(RowData=(1)),(RowData=(1)),(RowData=(1)),(RowData=(1)),(RowData=(1)),(RowData=(1)),(RowData=(3)),(RowData=(3)),(RowData=(3)),(RowData=(1)),(RowData=(1)),(RowData=(1)),(RowData=(1)),(RowData=(1)),(RowData=(1)),(RowData=(1)),(RowData=(1)),(RowData=(1)),(RowData=(1)),(RowData=(1)),(RowData=(1)),(RowData=(1)),(RowData=(1)),(RowData=(1)),(RowData=(1)),(RowData=(1)),(RowData=(3)),(RowData=(3)),(RowData=(3)),(RowData=(1)),(RowData=(1)),(RowData=(1)),(RowData=(1)),(RowData=(1)),(RowData=(1)),(RowData=(1)),(RowData=(1)),(RowData=(1)),(RowData=(1)),(RowData=(1)),(RowData=(1)),(RowData=(1)))"
52,"((RowData=(1)),(RowData=(1)),(RowData=(1)),(RowData=(1)),(RowData=(3)),(RowData=(3)),(RowData=(3)),(RowData=(1)),(RowData=(1)),(RowData=(1)),(RowData=(1)),(RowData=(1)),(RowData=(1)),(RowData=(1)),(RowData=(1)),(RowData=(1)),(RowData=(1)),(RowData=(1)),(RowData=(1)),(RowData=(1)),(RowData=(1)),(RowData=(1)),(RowData=(1)),(RowData=(1)),(RowData=(3)),(RowData=(3)),(RowData=(3)),(RowData=(1)),(RowData=(1)),(RowData=(1)),(RowData=(1)),(RowData=(1)),(RowData=(1)),(RowData=(1)),(RowData=(1)),(RowData=(1)),(RowData=(1)),(RowData=(1)),(RowData=(1)),(RowData=(1)),(RowData=(1)),(RowData=(1)),(RowData=(1)),(RowData=(1)),(RowData=(3)),(RowData=(3)),(RowData=(3)),(RowData=(1)),(RowData=(1)),(RowData=(1)),(RowData=(1)),(RowData=(1)),(RowData=(1)),(RowData=(1)),(RowData=(1)),(RowData=(1)),(RowData=(1)),(RowData=(1)),(RowData=(1)),(RowData=(1)),(RowData=(1)),(RowData=(1)),(RowData=(1)),(RowData=(1)),(RowData=(3)),(RowData=(3)),(RowData=(3)),(RowData=(1)),(RowData=(1)),(RowData=(1)),(RowData=(1)),(RowData=(1)),(RowData=(1)),(RowData=(1)),(RowData=(1)),(RowData=(1)),(RowData=(1)),(RowData=(1)),(RowData=(1)),(RowData=(1)))"
53,"((RowData=(1)),(RowData=(1)),(RowData=(1)),(RowData=(1)),(RowData=(3)),(RowData=(3)),(RowData=(3)),(RowData=(1)),(RowData=(1)),(RowData=(1)),(RowData=(1)),(RowData=(1)),(RowData=(1)),(RowData=(1)),(RowData=(1)),(RowData=(1)),(RowData=(1)),(RowData=(1)),(RowData=(1)),(RowData=(1)),(RowData=(1)),(RowData=(1)),(RowData=(1)),(RowData=(1)),(RowData=(3)),(RowData=(3)),(RowData=(3)),(RowData=(1)),(RowData=(1)),(RowData=(1)),(RowData=(1)),(RowData=(1)),(RowData=(1)),(RowData=(1)),(RowData=(1)),(RowData=(1)),(RowData=(1)),(RowData=(1)),(RowData=(1)),(RowData=(1)),(RowData=(1)),(RowData=(1)),(RowData=(1)),(RowData=(1)),(RowData=(3)),(RowData=(3)),(RowData=(3)),(RowData=(1)),(RowData=(1)),(RowData=(1)),(RowData=(1)),(RowData=(1)),(RowData=(1)),(RowData=(1)),(RowData=(1)),(RowData=(1)),(RowData=(1)),(RowData=(1)),(RowData=(1)),(RowData=(1)),(RowData=(1)),(RowData=(1)),(RowData=(1)),(RowData=(1)),(RowData=(3)),(RowData=(3)),(RowData=(3)),(RowData=(1)),(RowData=(1)),(RowData=(1)),(RowData=(1)),(RowData=(1)),(RowData=(1)),(RowData=(1)),(RowData=(1)),(RowData=(1)),(RowData=(1)),(RowData=(1)),(RowData=(1)),(RowData=(1)))"
54,"((RowData=(1)),(RowData=(1)),(RowData=(1)),(RowData=(1)),(RowData=(3)),(RowData=(3)),(RowData=(3)),(RowData=(1)),(RowData=(1)),(RowData=(1)),(RowData=(1)),(RowData=(1)),(RowData=(1)),(RowData=(1)),(RowData=(1)),(RowData=(1)),(RowData=(1)),(RowData=(1)),(RowData=(1)),(RowData=(1)),(RowData=(1)),(RowData=(1)),(RowData=(1)),(RowData=(1)),(RowData=(3)),(RowData=(3)),(RowData=(3)),(RowData=(1)),(RowData=(1)),(RowData=(1)),(RowData=(1)),(RowData=(1)),(RowData=(1)),(RowData=(1)),(RowData=(1)),(RowData=(1)),(RowData=(1)),(RowData=(1)),(RowData=(1)),(RowData=(1)),(RowData=(1)),(RowData=(1)),(RowData=(1)),(RowData=(1)),(RowData=(3)),(RowData=(3)),(RowData=(3)),(RowData=(1)),(RowData=(1)),(RowData=(1)),(RowData=(1)),(RowData=(1)),(RowData=(1)),(RowData=(1)),(RowData=(1)),(RowData=(1)),(RowData=(1)),(RowData=(1)),(RowData=(1)),(RowData=(1)),(RowData=(1)),(RowData=(1)),(RowData=(1)),(RowData=(1)),(RowData=(3)),(RowData=(3)),(RowData=(3)),(RowData=(1)),(RowData=(1)),(RowData=(1)),(RowData=(1)),(RowData=(1)),(RowData=(1)),(RowData=(1)),(RowData=(1)),(RowData=(1)),(RowData=(1)),(RowData=(1)),(RowData=(1)),(RowData=(1)))"
55,"((RowData=(1)),(RowData=(1)),(RowData=(1)),(RowData=(1)),(RowData=(3)),(RowData=(3)),(RowData=(3)),(RowData=(1)),(RowData=(1)),(RowData=(1)),(RowData=(1)),(RowData=(1)),(RowData=(1)),(RowData=(1)),(RowData=(1)),(RowData=(1)),(RowData=(1)),(RowData=(1)),(RowData=(1)),(RowData=(1)),(RowData=(1)),(RowData=(1)),(RowData=(1)),(RowData=(1)),(RowData=(3)),(RowData=(3)),(RowData=(3)),(RowData=(1)),(RowData=(1)),(RowData=(1)),(RowData=(1)),(RowData=(1)),(RowData=(1)),(RowData=(1)),(RowData=(1)),(RowData=(1)),(RowData=(1)),(RowData=(1)),(RowData=(1)),(RowData=(1)),(RowData=(1)),(RowData=(1)),(RowData=(1)),(RowData=(1)),(RowData=(3)),(RowData=(3)),(RowData=(3)),(RowData=(1)),(RowData=(1)),(RowData=(1)),(RowData=(1)),(RowData=(1)),(RowData=(1)),(RowData=(1)),(RowData=(1)),(RowData=(1)),(RowData=(1)),(RowData=(1)),(RowData=(1)),(RowData=(1)),(RowData=(1)),(RowData=(1)),(RowData=(1)),(RowData=(1)),(RowData=(3)),(RowData=(3)),(RowData=(3)),(RowData=(1)),(RowData=(1)),(RowData=(1)),(RowData=(1)),(RowData=(1)),(RowData=(1)),(RowData=(1)),(RowData=(1)),(RowData=(1)),(RowData=(1)),(RowData=(1)),(RowData=(1)),(RowData=(1)))"
56,"((RowData=(1)),(RowData=(1)),(RowData=(1)),(RowData=(1)),(RowData=(3)),(RowData=(3)),(RowData=(3)),(RowData=(1)),(RowData=(1)),(RowData=(1)),(RowData=(1)),(RowData=(1)),(RowData=(1)),(RowData=(1)),(RowData=(1)),(RowData=(1)),(RowData=(1)),(RowData=(1)),(RowData=(1)),(RowData=(1)),(RowData=(1)),(RowData=(1)),(RowData=(1)),(RowData=(1)),(RowData=(3)),(RowData=(3)),(RowData=(3)),(RowData=(1)),(RowData=(1)),(RowData=(1)),(RowData=(1)),(RowData=(1)),(RowData=(1)),(RowData=(1)),(RowData=(1)),(RowData=(1)),(RowData=(1)),(RowData=(1)),(RowData=(1)),(RowData=(1)),(RowData=(1)),(RowData=(1)),(RowData=(1)),(RowData=(1)),(RowData=(3)),(RowData=(3)),(RowData=(3)),(RowData=(1)),(RowData=(1)),(RowData=(1)),(RowData=(1)),(RowData=(1)),(RowData=(1)),(RowData=(1)),(RowData=(1)),(RowData=(1)),(RowData=(1)),(RowData=(1)),(RowData=(1)),(RowData=(1)),(RowData=(1)),(RowData=(1)),(RowData=(1)),(RowData=(1)),(RowData=(3)),(RowData=(3)),(RowData=(3)),(RowData=(1)),(RowData=(1)),(RowData=(1)),(RowData=(1)),(RowData=(1)),(RowData=(1)),(RowData=(1)),(RowData=(1)),(RowData=(1)),(RowData=(1)),(RowData=(1)),(RowData=(1)),(RowData=(1)))"
57,"((RowData=(1)),(RowData=(1)),(RowData=(1)),(RowData=(1)),(RowData=(3)),(RowData=(3)),(RowData=(3)),(RowData=(1)),(RowData=(1)),(RowData=(1)),(RowData=(1)),(RowData=(1)),(RowData=(1)),(RowData=(1)),(RowData=(1)),(RowData=(1)),(RowData=(1)),(RowData=(1)),(RowData=(1)),(RowData=(1)),(RowData=(1)),(RowData=(1)),(RowData=(1)),(RowData=(1)),(RowData=(3)),(RowData=(3)),(RowData=(3)),(RowData=(1)),(RowData=(1)),(RowData=(1)),(RowData=(1)),(RowData=(1)),(RowData=(1)),(RowData=(1)),(RowData=(1)),(RowData=(1)),(RowData=(1)),(RowData=(1)),(RowData=(1)),(RowData=(1)),(RowData=(1)),(RowData=(1)),(RowData=(1)),(RowData=(1)),(RowData=(3)),(RowData=(3)),(RowData=(3)),(RowData=(1)),(RowData=(1)),(RowData=(1)),(RowData=(1)),(RowData=(1)),(RowData=(1)),(RowData=(1)),(RowData=(1)),(RowData=(1)),(RowData=(1)),(RowData=(1)),(RowData=(1)),(RowData=(1)),(RowData=(1)),(RowData=(1)),(RowData=(1)),(RowData=(1)),(RowData=(3)),(RowData=(3)),(RowData=(3)),(RowData=(1)),(RowData=(1)),(RowData=(1)),(RowData=(1)),(RowData=(1)),(RowData=(1)),(RowData=(1)),(RowData=(1)),(RowData=(1)),(RowData=(1)),(RowData=(1)),(RowData=(1)),(RowData=(1)))"
58,"((RowData=(1)),(RowData=(1)),(RowData=(1)),(RowData=(1)),(RowData=(3)),(RowData=(3)),(RowData=(3)),(RowData=(1)),(RowData=(1)),(RowData=(1)),(RowData=(1)),(RowData=(1)),(RowData=(1)),(RowData=(1)),(RowData=(1)),(RowData=(1)),(RowData=(1)),(RowData=(1)),(RowData=(1)),(RowData=(1)),(RowData=(1)),(RowData=(1)),(RowData=(1)),(RowData=(1)),(RowData=(3)),(RowData=(3)),(RowData=(3)),(RowData=(1)),(RowData=(1)),(RowData=(1)),(RowData=(1)),(RowData=(1)),(RowData=(1)),(RowData=(1)),(RowData=(1)),(RowData=(1)),(RowData=(1)),(RowData=(1)),(RowData=(1)),(RowData=(1)),(RowData=(1)),(RowData=(1)),(RowData=(1)),(RowData=(1)),(RowData=(3)),(RowData=(3)),(RowData=(3)),(RowData=(1)),(RowData=(1)),(RowData=(1)),(RowData=(1)),(RowData=(1)),(RowData=(1)),(RowData=(1)),(RowData=(1)),(RowData=(1)),(RowData=(1)),(RowData=(1)),(RowData=(1)),(RowData=(1)),(RowData=(1)),(RowData=(1)),(RowData=(1)),(RowData=(1)),(RowData=(3)),(RowData=(3)),(RowData=(3)),(RowData=(1)),(RowData=(1)),(RowData=(1)),(RowData=(1)),(RowData=(1)),(RowData=(1)),(RowData=(1)),(RowData=(1)),(RowData=(1)),(RowData=(1)),(RowData=(1)),(RowData=(1)),(RowData=(1)))"
59,"((RowData=(1)),(RowData=(1)),(RowData=(1)),(RowData=(1)),(RowData=(3)),(RowData=(3)),(RowData=(3)),(RowData=(1)),(RowData=(1)),(RowData=(1)),(RowData=(1)),(RowData=(1)),(RowData=(1)),(RowData=(1)),(RowData=(1)),(RowData=(1)),(RowData=(1)),(RowData=(1)),(RowData=(1)),(RowData=(1)),(RowData=(1)),(RowData=(1)),(RowData=(1)),(RowData=(1)),(RowData=(3)),(RowData=(3)),(RowData=(3)),(RowData=(1)),(RowData=(1)),(RowData=(1)),(RowData=(1)),(RowData=(1)),(RowData=(1)),(RowData=(1)),(RowData=(1)),(RowData=(1)),(RowData=(1)),(RowData=(1)),(RowData=(1)),(RowData=(1)),(RowData=(1)),(RowData=(1)),(RowData=(1)),(RowData=(1)),(RowData=(3)),(RowData=(3)),(RowData=(3)),(RowData=(1)),(RowData=(1)),(RowData=(1)),(RowData=(1)),(RowData=(1)),(RowData=(1)),(RowData=(1)),(RowData=(1)),(RowData=(1)),(RowData=(1)),(RowData=(1)),(RowData=(1)),(RowData=(1)),(RowData=(1)),(RowData=(1)),(RowData=(1)),(RowData=(1)),(RowData=(3)),(RowData=(3)),(RowData=(3)),(RowData=(1)),(RowData=(1)),(RowData=(1)),(RowData=(1)),(RowData=(1)),(RowData=(1)),(RowData=(1)),(RowData=(1)),(RowData=(1)),(RowData=(1)),(RowData=(1)),(RowData=(1)),(RowData=(1)))"
60,"((RowData=(1)),(RowData=(1)),(RowData=(1)),(RowData=(1)),(RowData=(3)),(RowData=(3)),(RowData=(3)),(RowData=(1)),(RowData=(1)),(RowData=(1)),(RowData=(1)),(RowData=(1)),(RowData=(1)),(RowData=(1)),(RowData=(1)),(RowData=(1)),(RowData=(1)),(RowData=(1)),(RowData=(1)),(RowData=(1)),(RowData=(1)),(RowData=(1)),(RowData=(1)),(RowData=(1)),(RowData=(3)),(RowData=(3)),(RowData=(3)),(RowData=(1)),(RowData=(1)),(RowData=(1)),(RowData=(1)),(RowData=(1)),(RowData=(1)),(RowData=(1)),(RowData=(1)),(RowData=(1)),(RowData=(1)),(RowData=(1)),(RowData=(1)),(RowData=(1)),(RowData=(1)),(RowData=(1)),(RowData=(1)),(RowData=(1)),(RowData=(3)),(RowData=(3)),(RowData=(3)),(RowData=(1)),(RowData=(1)),(RowData=(1)),(RowData=(1)),(RowData=(1)),(RowData=(1)),(RowData=(1)),(RowData=(1)),(RowData=(1)),(RowData=(1)),(RowData=(1)),(RowData=(1)),(RowData=(1)),(RowData=(1)),(RowData=(1)),(RowData=(1)),(RowData=(1)),(RowData=(3)),(RowData=(3)),(RowData=(3)),(RowData=(1)),(RowData=(1)),(RowData=(1)),(RowData=(1)),(RowData=(1)),(RowData=(1)),(RowData=(1)),(RowData=(1)),(RowData=(1)),(RowData=(1)),(RowData=(1)),(RowData=(1)),(RowData=(1)))"
61,"((RowData=(1)),(RowData=(1)),(RowData=(1)),(RowData=(1)),(RowData=(3)),(RowData=(3)),(RowData=(3)),(RowData=(1)),(RowData=(1)),(RowData=(1)),(RowData=(1)),(RowData=(1)),(RowData=(1)),(RowData=(1)),(RowData=(1)),(RowData=(1)),(RowData=(1)),(RowData=(1)),(RowData=(1)),(RowData=(1)),(RowData=(1)),(RowData=(1)),(RowData=(1)),(RowData=(1)),(RowData=(3)),(RowData=(3)),(RowData=(3)),(RowData=(1)),(RowData=(1)),(RowData=(1)),(RowData=(1)),(RowData=(1)),(RowData=(1)),(RowData=(1)),(RowData=(1)),(RowData=(1)),(RowData=(1)),(RowData=(1)),(RowData=(1)),(RowData=(1)),(RowData=(1)),(RowData=(1)),(RowData=(1)),(RowData=(1)),(RowData=(3)),(RowData=(3)),(RowData=(3)),(RowData=(1)),(RowData=(1)),(RowData=(1)),(RowData=(1)),(RowData=(1)),(RowData=(1)),(RowData=(1)),(RowData=(1)),(RowData=(1)),(RowData=(1)),(RowData=(1)),(RowData=(1)),(RowData=(1)),(RowData=(1)),(RowData=(1)),(RowData=(1)),(RowData=(1)),(RowData=(3)),(RowData=(3)),(RowData=(3)),(RowData=(1)),(RowData=(1)),(RowData=(1)),(RowData=(1)),(RowData=(1)),(RowData=(1)),(RowData=(1)),(RowData=(1)),(RowData=(1)),(RowData=(1)),(RowData=(1)),(RowData=(1)),(RowData=(1)))"
62,"((RowData=(1)),(RowData=(1)),(RowData=(1)),(RowData=(1)),(RowData=(3)),(RowData=(3)),(RowData=(3)),(RowData=(1)),(RowData=(1)),(RowData=(1)),(RowData=(1)),(RowData=(1)),(RowData=(1)),(RowData=(1)),(RowData=(1)),(RowData=(1)),(RowData=(1)),(RowData=(1)),(RowData=(1)),(RowData=(1)),(RowData=(1)),(RowData=(1)),(RowData=(1)),(RowData=(1)),(RowData=(3)),(RowData=(3)),(RowData=(3)),(RowData=(1)),(RowData=(1)),(RowData=(1)),(RowData=(1)),(RowData=(1)),(RowData=(1)),(RowData=(1)),(RowData=(1)),(RowData=(1)),(RowData=(1)),(RowData=(1)),(RowData=(1)),(RowData=(1)),(RowData=(1)),(RowData=(1)),(RowData=(1)),(RowData=(1)),(RowData=(3)),(RowData=(3)),(RowData=(3)),(RowData=(1)),(RowData=(1)),(RowData=(1)),(RowData=(1)),(RowData=(1)),(RowData=(1)),(RowData=(1)),(RowData=(1)),(RowData=(1)),(RowData=(1)),(RowData=(1)),(RowData=(1)),(RowData=(1)),(RowData=(1)),(RowData=(1)),(RowData=(1)),(RowData=(1)),(RowData=(3)),(RowData=(3)),(RowData=(3)),(RowData=(1)),(RowData=(1)),(RowData=(1)),(RowData=(1)),(RowData=(1)),(RowData=(1)),(RowData=(1)),(RowData=(1)),(RowData=(1)),(RowData=(1)),(RowData=(1)),(RowData=(1)),(RowData=(1)))"
63,"((RowData=(1)),(RowData=(1)),(RowData=(1)),(RowData=(1)),(RowData=(3)),(RowData=(3)),(RowData=(3)),(RowData=(1)),(RowData=(1)),(RowData=(1)),(RowData=(1)),(RowData=(1)),(RowData=(1)),(RowData=(1)),(RowData=(1)),(RowData=(1)),(RowData=(1)),(RowData=(1)),(RowData=(1)),(RowData=(1)),(RowData=(1)),(RowData=(1)),(RowData=(1)),(RowData=(1)),(RowData=(3)),(RowData=(3)),(RowData=(3)),(RowData=(1)),(RowData=(1)),(RowData=(1)),(RowData=(1)),(RowData=(1)),(RowData=(1)),(RowData=(1)),(RowData=(1)),(RowData=(1)),(RowData=(1)),(RowData=(1)),(RowData=(1)),(RowData=(1)),(RowData=(1)),(RowData=(1)),(RowData=(1)),(RowData=(1)),(RowData=(3)),(RowData=(3)),(RowData=(3)),(RowData=(1)),(RowData=(1)),(RowData=(1)),(RowData=(1)),(RowData=(1)),(RowData=(1)),(RowData=(1)),(RowData=(1)),(RowData=(1)),(RowData=(1)),(RowData=(1)),(RowData=(1)),(RowData=(1)),(RowData=(1)),(RowData=(1)),(RowData=(1)),(RowData=(1)),(RowData=(3)),(RowData=(3)),(RowData=(3)),(RowData=(1)),(RowData=(1)),(RowData=(1)),(RowData=(1)),(RowData=(1)),(RowData=(1)),(RowData=(1)),(RowData=(1)),(RowData=(1)),(RowData=(1)),(RowData=(1)),(RowData=(1)),(RowData=(1)))"
64,"((RowData=(1)),(RowData=(1)),(RowData=(1)),(RowData=(1)),(RowData=(3)),(RowData=(3)),(RowData=(3)),(RowData=(1)),(RowData=(1)),(RowData=(1)),(RowData=(1)),(RowData=(1)),(RowData=(1)),(RowData=(1)),(RowData=(1)),(RowData=(1)),(RowData=(1)),(RowData=(1)),(RowData=(1)),(RowData=(1)),(RowData=(1)),(RowData=(1)),(RowData=(1)),(RowData=(1)),(RowData=(3)),(RowData=(3)),(RowData=(3)),(RowData=(1)),(RowData=(1)),(RowData=(1)),(RowData=(1)),(RowData=(1)),(RowData=(1)),(RowData=(1)),(RowData=(1)),(RowData=(1)),(RowData=(1)),(RowData=(1)),(RowData=(1)),(RowData=(1)),(RowData=(1)),(RowData=(1)),(RowData=(1)),(RowData=(1)),(RowData=(3)),(RowData=(3)),(RowData=(3)),(RowData=(1)),(RowData=(1)),(RowData=(1)),(RowData=(1)),(RowData=(1)),(RowData=(1)),(RowData=(1)),(RowData=(1)),(RowData=(1)),(RowData=(1)),(RowData=(1)),(RowData=(1)),(RowData=(1)),(RowData=(1)),(RowData=(1)),(RowData=(1)),(RowData=(1)),(RowData=(3)),(RowData=(3)),(RowData=(3)),(RowData=(1)),(RowData=(1)),(RowData=(1)),(RowData=(1)),(RowData=(1)),(RowData=(1)),(RowData=(1)),(RowData=(1)),(RowData=(1)),(RowData=(1)),(RowData=(1)),(RowData=(1)),(RowData=(1)))"
65,"((RowData=(1)),(RowData=(1)),(RowData=(1)),(RowData=(1)),(RowData=(3)),(RowData=(3)),(RowData=(3)),(RowData=(1)),(RowData=(1)),(RowData=(1)),(RowData=(1)),(RowData=(1)),(RowData=(1)),(RowData=(1)),(RowData=(1)),(RowData=(1)),(RowData=(1)),(RowData=(1)),(RowData=(1)),(RowData=(1)),(RowData=(1)),(RowData=(1)),(RowData=(1)),(RowData=(1)),(RowData=(3)),(RowData=(3)),(RowData=(3)),(RowData=(1)),(RowData=(1)),(RowData=(1)),(RowData=(1)),(RowData=(1)),(RowData=(1)),(RowData=(1)),(RowData=(1)),(RowData=(1)),(RowData=(1)),(RowData=(1)),(RowData=(1)),(RowData=(1)),(RowData=(1)),(RowData=(1)),(RowData=(1)),(RowData=(1)),(RowData=(3)),(RowData=(3)),(RowData=(3)),(RowData=(1)),(RowData=(1)),(RowData=(1)),(RowData=(1)),(RowData=(1)),(RowData=(1)),(RowData=(1)),(RowData=(1)),(RowData=(1)),(RowData=(1)),(RowData=(1)),(RowData=(1)),(RowData=(1)),(RowData=(1)),(RowData=(1)),(RowData=(1)),(RowData=(1)),(RowData=(3)),(RowData=(3)),(RowData=(3)),(RowData=(1)),(RowData=(1)),(RowData=(1)),(RowData=(1)),(RowData=(1)),(RowData=(1)),(RowData=(1)),(RowData=(1)),(RowData=(1)),(RowData=(1)),(RowData=(1)),(RowData=(1)),(RowData=(1)))"
66,"((RowData=(1)),(RowData=(1)),(RowData=(1)),(RowData=(1)),(RowData=(3)),(RowData=(3)),(RowData=(3)),(RowData=(1)),(RowData=(1)),(RowData=(1)),(RowData=(1)),(RowData=(1)),(RowData=(1)),(RowData=(1)),(RowData=(1)),(RowData=(1)),(RowData=(1)),(RowData=(1)),(RowData=(1)),(RowData=(1)),(RowData=(1)),(RowData=(1)),(RowData=(1)),(RowData=(1)),(RowData=(3)),(RowData=(3)),(RowData=(3)),(RowData=(1)),(RowData=(1)),(RowData=(1)),(RowData=(1)),(RowData=(1)),(RowData=(1)),(RowData=(1)),(RowData=(1)),(RowData=(1)),(RowData=(1)),(RowData=(1)),(RowData=(1)),(RowData=(1)),(RowData=(1)),(RowData=(1)),(RowData=(1)),(RowData=(1)),(RowData=(3)),(RowData=(3)),(RowData=(3)),(RowData=(1)),(RowData=(1)),(RowData=(1)),(RowData=(1)),(RowData=(1)),(RowData=(1)),(RowData=(1)),(RowData=(1)),(RowData=(1)),(RowData=(1)),(RowData=(1)),(RowData=(1)),(RowData=(1)),(RowData=(1)),(RowData=(1)),(RowData=(1)),(RowData=(1)),(RowData=(3)),(RowData=(3)),(RowData=(3)),(RowData=(1)),(RowData=(1)),(RowData=(1)),(RowData=(1)),(RowData=(1)),(RowData=(1)),(RowData=(1)),(RowData=(1)),(RowData=(1)),(RowData=(1)),(RowData=(1)),(RowData=(1)),(RowData=(1)))"
67,"((RowData=(1)),(RowData=(1)),(RowData=(1)),(RowData=(1)),(RowData=(3)),(RowData=(3)),(RowData=(3)),(RowData=(1)),(RowData=(1)),(RowData=(1)),(RowData=(1)),(RowData=(1)),(RowData=(1)),(RowData=(1)),(RowData=(1)),(RowData=(1)),(RowData=(1)),(RowData=(1)),(RowData=(1)),(RowData=(1)),(RowData=(1)),(RowData=(1)),(RowData=(1)),(RowData=(1)),(RowData=(3)),(RowData=(3)),(RowData=(3)),(RowData=(1)),(RowData=(1)),(RowData=(1)),(RowData=(1)),(RowData=(1)),(RowData=(1)),(RowData=(1)),(RowData=(1)),(RowData=(1)),(RowData=(1)),(RowData=(1)),(RowData=(1)),(RowData=(1)),(RowData=(1)),(RowData=(1)),(RowData=(1)),(RowData=(1)),(RowData=(3)),(RowData=(3)),(RowData=(3)),(RowData=(1)),(RowData=(1)),(RowData=(1)),(RowData=(1)),(RowData=(1)),(RowData=(1)),(RowData=(1)),(RowData=(1)),(RowData=(1)),(RowData=(1)),(RowData=(1)),(RowData=(1)),(RowData=(1)),(RowData=(1)),(RowData=(1)),(RowData=(1)),(RowData=(1)),(RowData=(3)),(RowData=(3)),(RowData=(3)),(RowData=(1)),(RowData=(1)),(RowData=(1)),(RowData=(1)),(RowData=(1)),(RowData=(1)),(RowData=(1)),(RowData=(1)),(RowData=(1)),(RowData=(1)),(RowData=(1)),(RowData=(1)),(RowData=(1)))"
68,"((RowData=(1)),(RowData=(1)),(RowData=(1)),(RowData=(1)),(RowData=(3)),(RowData=(3)),(RowData=(3)),(RowData=(1)),(RowData=(1)),(RowData=(1)),(RowData=(1)),(RowData=(1)),(RowData=(1)),(RowData=(1)),(RowData=(1)),(RowData=(1)),(RowData=(1)),(RowData=(1)),(RowData=(1)),(RowData=(1)),(RowData=(1)),(RowData=(1)),(RowData=(1)),(RowData=(1)),(RowData=(3)),(RowData=(3)),(RowData=(3)),(RowData=(1)),(RowData=(1)),(RowData=(1)),(RowData=(1)),(RowData=(1)),(RowData=(1)),(RowData=(1)),(RowData=(1)),(RowData=(1)),(RowData=(1)),(RowData=(1)),(RowData=(1)),(RowData=(1)),(RowData=(1)),(RowData=(1)),(RowData=(1)),(RowData=(1)),(RowData=(3)),(RowData=(3)),(RowData=(3)),(RowData=(1)),(RowData=(1)),(RowData=(1)),(RowData=(1)),(RowData=(1)),(RowData=(1)),(RowData=(1)),(RowData=(1)),(RowData=(1)),(RowData=(1)),(RowData=(1)),(RowData=(1)),(RowData=(1)),(RowData=(1)),(RowData=(1)),(RowData=(1)),(RowData=(1)),(RowData=(3)),(RowData=(3)),(RowData=(3)),(RowData=(1)),(RowData=(1)),(RowData=(1)),(RowData=(1)),(RowData=(1)),(RowData=(1)),(RowData=(1)),(RowData=(1)),(RowData=(1)),(RowData=(1)),(RowData=(1)),(RowData=(1)),(RowData=(1)))"
69,"((RowData=(1)),(RowData=(1)),(RowData=(1)),(RowData=(1)),(RowData=(3)),(RowData=(3)),(RowData=(3)),(RowData=(1)),(RowData=(1)),(RowData=(1)),(RowData=(1)),(RowData=(1)),(RowData=(1)),(RowData=(1)),(RowData=(1)),(RowData=(1)),(RowData=(1)),(RowData=(1)),(RowData=(1)),(RowData=(1)),(RowData=(1)),(RowData=(1)),(RowData=(1)),(RowData=(1)),(RowData=(3)),(RowData=(3)),(RowData=(3)),(RowData=(1)),(RowData=(1)),(RowData=(1)),(RowData=(1)),(RowData=(1)),(RowData=(1)),(RowData=(1)),(RowData=(1)),(RowData=(1)),(RowData=(1)),(RowData=(1)),(RowData=(1)),(RowData=(1)),(RowData=(1)),(RowData=(1)),(RowData=(1)),(RowData=(1)),(RowData=(3)),(RowData=(3)),(RowData=(3)),(RowData=(1)),(RowData=(1)),(RowData=(1)),(RowData=(1)),(RowData=(1)),(RowData=(1)),(RowData=(1)),(RowData=(1)),(RowData=(1)),(RowData=(1)),(RowData=(1)),(RowData=(1)),(RowData=(1)),(RowData=(1)),(RowData=(1)),(RowData=(1)),(RowData=(1)),(RowData=(3)),(RowData=(3)),(RowData=(3)),(RowData=(1)),(RowData=(1)),(RowData=(1)),(RowData=(1)),(RowData=(1)),(RowData=(1)),(RowData=(1)),(RowData=(1)),(RowData=(1)),(RowData=(1)),(RowData=(1)),(RowData=(1)),(RowData=(1)))"
70,"((RowData=(1)),(RowData=(1)),(RowData=(1)),(RowData=(1)),(RowData=(3)),(RowData=(3)),(RowData=(3)),(RowData=(1)),(RowData=(1)),(RowData=(1)),(RowData=(1)),(RowData=(1)),(RowData=(1)),(RowData=(1)),(RowData=(1)),(RowData=(1)),(RowData=(1)),(RowData=(1)),(RowData=(1)),(RowData=(1)),(RowData=(1)),(RowData=(1)),(RowData=(1)),(RowData=(1)),(RowData=(3)),(RowData=(3)),(RowData=(3)),(RowData=(1)),(RowData=(1)),(RowData=(1)),(RowData=(1)),(RowData=(1)),(RowData=(1)),(RowData=(1)),(RowData=(1)),(RowData=(1)),(RowData=(1)),(RowData=(1)),(RowData=(1)),(RowData=(1)),(RowData=(1)),(RowData=(1)),(RowData=(1)),(RowData=(1)),(RowData=(3)),(RowData=(3)),(RowData=(3)),(RowData=(1)),(RowData=(1)),(RowData=(1)),(RowData=(1)),(RowData=(1)),(RowData=(1)),(RowData=(1)),(RowData=(1)),(RowData=(1)),(RowData=(1)),(RowData=(1)),(RowData=(1)),(RowData=(1)),(RowData=(1)),(RowData=(1)),(RowData=(1)),(RowData=(1)),(RowData=(3)),(RowData=(3)),(RowData=(3)),(RowData=(1)),(RowData=(1)),(RowData=(1)),(RowData=(1)),(RowData=(1)),(RowData=(1)),(RowData=(1)),(RowData=(1)),(RowData=(1)),(RowData=(1)),(RowData=(1)),(RowData=(1)),(RowData=(1)))"
71,"((RowData=(1)),(RowData=(1)),(RowData=(1)),(RowData=(1)),(RowData=(3)),(RowData=(3)),(RowData=(3)),(RowData=(1)),(RowData=(1)),(RowData=(1)),(RowData=(1)),(RowData=(1)),(RowData=(1)),(RowData=(1)),(RowData=(1)),(RowData=(1)),(RowData=(1)),(RowData=(1)),(RowData=(1)),(RowData=(1)),(RowData=(1)),(RowData=(1)),(RowData=(1)),(RowData=(1)),(RowData=(3)),(RowData=(3)),(RowData=(3)),(RowData=(1)),(RowData=(1)),(RowData=(1)),(RowData=(1)),(RowData=(1)),(RowData=(1)),(RowData=(1)),(RowData=(1)),(RowData=(1)),(RowData=(1)),(RowData=(1)),(RowData=(1)),(RowData=(1)),(RowData=(1)),(RowData=(1)),(RowData=(1)),(RowData=(1)),(RowData=(3)),(RowData=(3)),(RowData=(3)),(RowData=(1)),(RowData=(1)),(RowData=(1)),(RowData=(1)),(RowData=(1)),(RowData=(1)),(RowData=(1)),(RowData=(1)),(RowData=(1)),(RowData=(1)),(RowData=(1)),(RowData=(1)),(RowData=(1)),(RowData=(1)),(RowData=(1)),(RowData=(1)),(RowData=(1)),(RowData=(3)),(RowData=(3)),(RowData=(3)),(RowData=(1)),(RowData=(1)),(RowData=(1)),(RowData=(1)),(RowData=(1)),(RowData=(1)),(RowData=(1)),(RowData=(1)),(RowData=(1)),(RowData=(1)),(RowData=(1)),(RowData=(1)),(RowData=(1)))"
72,"((RowData=(1)),(RowData=(1)),(RowData=(1)),(RowData=(1)),(RowData=(3)),(RowData=(3)),(RowData=(3)),(RowData=(1)),(RowData=(1)),(RowData=(1)),(RowData=(1)),(RowData=(1)),(RowData=(1)),(RowData=(1)),(RowData=(1)),(RowData=(1)),(RowData=(1)),(RowData=(1)),(RowData=(1)),(RowData=(1)),(RowData=(1)),(RowData=(1)),(RowData=(1)),(RowData=(1)),(RowData=(3)),(RowData=(3)),(RowData=(3)),(RowData=(1)),(RowData=(1)),(RowData=(1)),(RowData=(1)),(RowData=(1)),(RowData=(1)),(RowData=(1)),(RowData=(1)),(RowData=(1)),(RowData=(1)),(RowData=(1)),(RowData=(1)),(RowData=(1)),(RowData=(1)),(RowData=(1)),(RowData=(1)),(RowData=(1)),(RowData=(3)),(RowData=(3)),(RowData=(3)),(RowData=(1)),(RowData=(1)),(RowData=(1)),(RowData=(1)),(RowData=(1)),(RowData=(1)),(RowData=(1)),(RowData=(1)),(RowData=(1)),(RowData=(1)),(RowData=(1)),(RowData=(1)),(RowData=(1)),(RowData=(1)),(RowData=(1)),(RowData=(1)),(RowData=(1)),(RowData=(3)),(RowData=(3)),(RowData=(3)),(RowData=(1)),(RowData=(1)),(RowData=(1)),(RowData=(1)),(RowData=(1)),(RowData=(1)),(RowData=(1)),(RowData=(1)),(RowData=(1)),(RowData=(1)),(RowData=(1)),(RowData=(1)),(RowData=(1)))"
73,"((RowData=(1)),(RowData=(1)),(RowData=(1)),(RowData=(1)),(RowData=(3)),(RowData=(3)),(RowData=(3)),(RowData=(1)),(RowData=(1)),(RowData=(1)),(RowData=(1)),(RowData=(1)),(RowData=(1)),(RowData=(1)),(RowData=(1)),(RowData=(1)),(RowData=(1)),(RowData=(1)),(RowData=(1)),(RowData=(1)),(RowData=(1)),(RowData=(1)),(RowData=(1)),(RowData=(1)),(RowData=(3)),(RowData=(3)),(RowData=(3)),(RowData=(1)),(RowData=(1)),(RowData=(1)),(RowData=(1)),(RowData=(1)),(RowData=(1)),(RowData=(1)),(RowData=(1)),(RowData=(1)),(RowData=(1)),(RowData=(1)),(RowData=(1)),(RowData=(1)),(RowData=(1)),(RowData=(1)),(RowData=(1)),(RowData=(1)),(RowData=(3)),(RowData=(3)),(RowData=(3)),(RowData=(1)),(RowData=(1)),(RowData=(1)),(RowData=(1)),(RowData=(1)),(RowData=(1)),(RowData=(1)),(RowData=(1)),(RowData=(1)),(RowData=(1)),(RowData=(1)),(RowData=(1)),(RowData=(1)),(RowData=(1)),(RowData=(1)),(RowData=(1)),(RowData=(1)),(RowData=(3)),(RowData=(3)),(RowData=(3)),(RowData=(1)),(RowData=(1)),(RowData=(1)),(RowData=(1)),(RowData=(1)),(RowData=(1)),(RowData=(1)),(RowData=(1)),(RowData=(1)),(RowData=(1)),(RowData=(1)),(RowData=(1)),(RowData=(1)))"
74,"((RowData=(1)),(RowData=(1)),(RowData=(1)),(RowData=(1)),(RowData=(3)),(RowData=(3)),(RowData=(3)),(RowData=(1)),(RowData=(1)),(RowData=(1)),(RowData=(1)),(RowData=(1)),(RowData=(1)),(RowData=(1)),(RowData=(1)),(RowData=(1)),(RowData=(1)),(RowData=(1)),(RowData=(1)),(RowData=(1)),(RowData=(1)),(RowData=(1)),(RowData=(1)),(RowData=(1)),(RowData=(3)),(RowData=(3)),(RowData=(3)),(RowData=(1)),(RowData=(1)),(RowData=(1)),(RowData=(1)),(RowData=(1)),(RowData=(1)),(RowData=(1)),(RowData=(1)),(RowData=(1)),(RowData=(1)),(RowData=(1)),(RowData=(1)),(RowData=(1)),(RowData=(1)),(RowData=(1)),(RowData=(1)),(RowData=(1)),(RowData=(3)),(RowData=(3)),(RowData=(3)),(RowData=(1)),(RowData=(1)),(RowData=(1)),(RowData=(1)),(RowData=(1)),(RowData=(1)),(RowData=(1)),(RowData=(1)),(RowData=(1)),(RowData=(1)),(RowData=(1)),(RowData=(1)),(RowData=(1)),(RowData=(1)),(RowData=(1)),(RowData=(1)),(RowData=(1)),(RowData=(3)),(RowData=(3)),(RowData=(3)),(RowData=(1)),(RowData=(1)),(RowData=(1)),(RowData=(1)),(RowData=(1)),(RowData=(1)),(RowData=(1)),(RowData=(1)),(RowData=(1)),(RowData=(1)),(RowData=(1)),(RowData=(1)),(RowData=(1)))"
75,"((RowData=(1)),(RowData=(1)),(RowData=(1)),(RowData=(1)),(RowData=(3)),(RowData=(3)),(RowData=(3)),(RowData=(1)),(RowData=(1)),(RowData=(1)),(RowData=(1)),(RowData=(1)),(RowData=(1)),(RowData=(1)),(RowData=(1)),(RowData=(1)),(RowData=(1)),(RowData=(1)),(RowData=(1)),(RowData=(1)),(RowData=(1)),(RowData=(1)),(RowData=(1)),(RowData=(1)),(RowData=(3)),(RowData=(3)),(RowData=(3)),(RowData=(1)),(RowData=(1)),(RowData=(1)),(RowData=(1)),(RowData=(1)),(RowData=(1)),(RowData=(1)),(RowData=(1)),(RowData=(1)),(RowData=(1)),(RowData=(1)),(RowData=(1)),(RowData=(1)),(RowData=(1)),(RowData=(1)),(RowData=(1)),(RowData=(1)),(RowData=(3)),(RowData=(3)),(RowData=(3)),(RowData=(1)),(RowData=(1)),(RowData=(1)),(RowData=(1)),(RowData=(1)),(RowData=(1)),(RowData=(1)),(RowData=(1)),(RowData=(1)),(RowData=(1)),(RowData=(1)),(RowData=(1)),(RowData=(1)),(RowData=(1)),(RowData=(1)),(RowData=(1)),(RowData=(1)),(RowData=(3)),(RowData=(3)),(RowData=(3)),(RowData=(1)),(RowData=(1)),(RowData=(1)),(RowData=(1)),(RowData=(1)),(RowData=(1)),(RowData=(1)),(RowData=(1)),(RowData=(1)),(RowData=(1)),(RowData=(1)),(RowData=(1)),(RowData=(1)))"
76,"((RowData=(1)),(RowData=(1)),(RowData=(1)),(RowData=(1)),(RowData=(3)),(RowData=(3)),(RowData=(3)),(RowData=(1)),(RowData=(1)),(RowData=(1)),(RowData=(1)),(RowData=(1)),(RowData=(1)),(RowData=(1)),(RowData=(1)),(RowData=(1)),(RowData=(1)),(RowData=(1)),(RowData=(1)),(RowData=(1)),(RowData=(1)),(RowData=(1)),(RowData=(1)),(RowData=(1)),(RowData=(3)),(RowData=(3)),(RowData=(3)),(RowData=(1)),(RowData=(1)),(RowData=(1)),(RowData=(1)),(RowData=(1)),(RowData=(1)),(RowData=(1)),(RowData=(1)),(RowData=(1)),(RowData=(1)),(RowData=(1)),(RowData=(1)),(RowData=(1)),(RowData=(1)),(RowData=(1)),(RowData=(1)),(RowData=(1)),(RowData=(3)),(RowData=(3)),(RowData=(3)),(RowData=(1)),(RowData=(1)),(RowData=(1)),(RowData=(1)),(RowData=(1)),(RowData=(1)),(RowData=(1)),(RowData=(1)),(RowData=(1)),(RowData=(1)),(RowData=(1)),(RowData=(1)),(RowData=(1)),(RowData=(1)),(RowData=(1)),(RowData=(1)),(RowData=(1)),(RowData=(3)),(RowData=(3)),(RowData=(3)),(RowData=(1)),(RowData=(1)),(RowData=(1)),(RowData=(1)),(RowData=(1)),(RowData=(1)),(RowData=(1)),(RowData=(1)),(RowData=(1)),(RowData=(1)),(RowData=(1)),(RowData=(1)),(RowData=(1)))"
77,"((RowData=(1)),(RowData=(1)),(RowData=(1)),(RowData=(1)),(RowData=(3)),(RowData=(3)),(RowData=(3)),(RowData=(1)),(RowData=(1)),(RowData=(1)),(RowData=(1)),(RowData=(1)),(RowData=(1)),(RowData=(1)),(RowData=(1)),(RowData=(1)),(RowData=(1)),(RowData=(1)),(RowData=(1)),(RowData=(1)),(RowData=(1)),(RowData=(1)),(RowData=(1)),(RowData=(1)),(RowData=(3)),(RowData=(3)),(RowData=(3)),(RowData=(1)),(RowData=(1)),(RowData=(1)),(RowData=(1)),(RowData=(1)),(RowData=(1)),(RowData=(1)),(RowData=(1)),(RowData=(1)),(RowData=(1)),(RowData=(1)),(RowData=(1)),(RowData=(1)),(RowData=(1)),(RowData=(1)),(RowData=(1)),(RowData=(1)),(RowData=(3)),(RowData=(3)),(RowData=(3)),(RowData=(1)),(RowData=(1)),(RowData=(1)),(RowData=(1)),(RowData=(1)),(RowData=(1)),(RowData=(1)),(RowData=(1)),(RowData=(1)),(RowData=(1)),(RowData=(1)),(RowData=(1)),(RowData=(1)),(RowData=(1)),(RowData=(1)),(RowData=(1)),(RowData=(1)),(RowData=(3)),(RowData=(3)),(RowData=(3)),(RowData=(1)),(RowData=(1)),(RowData=(1)),(RowData=(1)),(RowData=(1)),(RowData=(1)),(RowData=(1)),(RowData=(1)),(RowData=(1)),(RowData=(1)),(RowData=(1)),(RowData=(1)),(RowData=(1)))"
78,"((RowData=(1)),(RowData=(1)),(RowData=(1)),(RowData=(1)),(RowData=(3)),(RowData=(3)),(RowData=(3)),(RowData=(1)),(RowData=(1)),(RowData=(1)),(RowData=(1)),(RowData=(1)),(RowData=(1)),(RowData=(1)),(RowData=(1)),(RowData=(1)),(RowData=(1)),(RowData=(1)),(RowData=(1)),(RowData=(1)),(RowData=(1)),(RowData=(1)),(RowData=(1)),(RowData=(1)),(RowData=(3)),(RowData=(3)),(RowData=(3)),(RowData=(1)),(RowData=(1)),(RowData=(1)),(RowData=(1)),(RowData=(1)),(RowData=(1)),(RowData=(1)),(RowData=(1)),(RowData=(1)),(RowData=(1)),(RowData=(1)),(RowData=(1)),(RowData=(1)),(RowData=(1)),(RowData=(1)),(RowData=(1)),(RowData=(1)),(RowData=(3)),(RowData=(3)),(RowData=(3)),(RowData=(1)),(RowData=(1)),(RowData=(1)),(RowData=(1)),(RowData=(1)),(RowData=(1)),(RowData=(1)),(RowData=(1)),(RowData=(1)),(RowData=(1)),(RowData=(1)),(RowData=(1)),(RowData=(1)),(RowData=(1)),(RowData=(1)),(RowData=(1)),(RowData=(1)),(RowData=(3)),(RowData=(3)),(RowData=(3)),(RowData=(1)),(RowData=(1)),(RowData=(1)),(RowData=(1)),(RowData=(1)),(RowData=(1)),(RowData=(1)),(RowData=(1)),(RowData=(1)),(RowData=(1)),(RowData=(1)),(RowData=(1)),(RowData=(1)))"
79,"((RowData=(1)),(RowData=(1)),(RowData=(1)),(RowData=(1)),(RowData=(3)),(RowData=(3)),(RowData=(3)),(RowData=(1)),(RowData=(1)),(RowData=(1)),(RowData=(1)),(RowData=(1)),(RowData=(1)),(RowData=(1)),(RowData=(1)),(RowData=(1)),(RowData=(1)),(RowData=(1)),(RowData=(1)),(RowData=(1)),(RowData=(1)),(RowData=(1)),(RowData=(1)),(RowData=(1)),(RowData=(3)),(RowData=(3)),(RowData=(3)),(RowData=(1)),(RowData=(1)),(RowData=(1)),(RowData=(1)),(RowData=(1)),(RowData=(1)),(RowData=(1)),(RowData=(1)),(RowData=(1)),(RowData=(1)),(RowData=(1)),(RowData=(1)),(RowData=(1)),(RowData=(1)),(RowData=(1)),(RowData=(1)),(RowData=(1)),(RowData=(3)),(RowData=(3)),(RowData=(3)),(RowData=(1)),(RowData=(1)),(RowData=(1)),(RowData=(1)),(RowData=(1)),(RowData=(1)),(RowData=(1)),(RowData=(1)),(RowData=(1)),(RowData=(1)),(RowData=(1)),(RowData=(1)),(RowData=(1)),(RowData=(1)),(RowData=(1)),(RowData=(1)),(RowData=(1)),(RowData=(3)),(RowData=(3)),(RowData=(3)),(RowData=(1)),(RowData=(1)),(RowData=(1)),(RowData=(1)),(RowData=(1)),(RowData=(1)),(RowData=(1)),(RowData=(1)),(RowData=(1)),(RowData=(1)),(RowData=(1)),(RowData=(1)),(RowData=(1)))"
80,"((RowData=(1)),(RowData=(1)),(RowData=(1)),(RowData=(1)),(RowData=(3)),(RowData=(3)),(RowData=(3)),(RowData=(1)),(RowData=(1)),(RowData=(1)),(RowData=(1)),(RowData=(1)),(RowData=(1)),(RowData=(1)),(RowData=(1)),(RowData=(1)),(RowData=(1)),(RowData=(1)),(RowData=(1)),(RowData=(1)),(RowData=(1)),(RowData=(1)),(RowData=(1)),(RowData=(1)),(RowData=(3)),(RowData=(3)),(RowData=(3)),(RowData=(1)),(RowData=(1)),(RowData=(1)),(RowData=(1)),(RowData=(1)),(RowData=(1)),(RowData=(1)),(RowData=(1)),(RowData=(1)),(RowData=(1)),(RowData=(1)),(RowData=(1)),(RowData=(1)),(RowData=(1)),(RowData=(1)),(RowData=(1)),(RowData=(1)),(RowData=(3)),(RowData=(3)),(RowData=(3)),(RowData=(1)),(RowData=(1)),(RowData=(1)),(RowData=(1)),(RowData=(1)),(RowData=(1)),(RowData=(1)),(RowData=(1)),(RowData=(1)),(RowData=(1)),(RowData=(1)),(RowData=(1)),(RowData=(1)),(RowData=(1)),(RowData=(1)),(RowData=(1)),(RowData=(1)),(RowData=(3)),(RowData=(3)),(RowData=(3)),(RowData=(1)),(RowData=(1)),(RowData=(1)),(RowData=(1)),(RowData=(1)),(RowData=(1)),(RowData=(1)),(RowData=(1)),(RowData=(1)),(RowData=(1)),(RowData=(1)),(RowData=(1)),(RowData=(1)))"
